tree
version=v4
num_class=1
num_tree_per_iteration=1
label_index=0
max_feature_idx=42
objective=regression
feature_names=pts_last1 pts_r3 pts_r5 pts_season_avg pts_per90_season bps_r5 bonus_r5 ict_r5 minutes_r3 minutes_r5 played60_r5 days_rest xg_r5 xa_r5 xgi_r5 goals_r5 assists_r5 threat_r5 creativity_r5 influence_r5 xgc_r5 cs_r5 saves_r5 defcon_r5 price price_change_3 log_selected_lag1 transfers_balance_lag1 was_home fdr opp_gf_r5 opp_ga_r5 opp_xga_r5 team_gf_r5 team_xgf_r5 is_dgw team_xg_implied opp_xg_implied p_clean_sheet p_win elo_diff position gw
feature_infos=[-7:29] [-3:20] [-3:20] [-3:20] [-45:540] [-10:69] [0:3] [0:32.799999999999997] [0:90] [0:90] [0:1] [0:108] [0:1.99] [0:1] [0:1.99] [0:3] [0:4] [0:161] [0:96.200000000000003] [0:117.2] [0:4.5949999999999998] [0:1] [0:9] [0:20] [3.6000000000000001:15.4] [-0.70000000000000018:0.80000000000000071] [0:16.075462120764342] [-2741008:1983733] [0:1] [1:5] [0:5] [0:5] [0:4.1200000000000001] [0:5] [0:4.1200000000000001] [0:1] [0.24327376342067566:3.5566402659813812] [0.24327376342067566:3.5566402659813812] [0.028534532286992979:0.78405683830569362] [0.023731916375383758:0.90920106038144743] [-500.15000000000009:500.15000000000009] -1:2:1:3:0 [1:38]
tree_sizes=2851 3010 3003 2979 2989 3004 3003 2992 2979 2998 2994 3004 3039 3012 2997 3012 2990 3017 2978 3021 2990 3003 2995 3006 2977 3024 2997 2994 2989 3016 3011 2987 3016 2983 2972 2984 2990 2995 3005 2970 3014 3023 3023 2993 2999 2990 2972 2997 3007 3006 2966 2972 3000 2972 3027 3010 3010 2985 3000 2983 2993 2957 2999 2979 3007 2978 2963 2968 3001 2970 2962 3025 2965 2998 3001 2989 2985 2968 3006 2987 2985 2985 2982 2986 2986 2915 3005 3000 2955 2964 2977 2947 3001 2980 2985 2995 2935 2924 2965 2959 2957 2995 3006 2962 2954 2983

Tree=0
num_leaves=31
num_cat=0
split_feature=8 8 3 39 0 24 24 39 8 0 0 9 38 7 24 7 0 39 0 8 3 0 9 24 24 0 39 3 38 7
split_gain=242355 29288.8 23180 8542.45 5911.32 5305.38 4323.67 3222.86 2927.39 2062.46 1918.56 1899.82 1819.53 1746.37 1500.5 1329.65 1249.15 1082.6 1055.11 1044.2 776.522 766.75 708.006 687.087 671.913 620.822 600.737 568.293 480.153 464.013
threshold=30.833333333333339 2.8333333333333335 2.8449519230769238 0.36419534373907475 1.5000000000000002 9.8500000000000032 5.4500000000000011 0.2886782196345446 86.166666666666671 1.0000000180025095e-35 1.0000000180025095e-35 1.0000000180025095e-35 0.20163930889678466 5.8225000000000007 7.4500000000000011 4.6633333333333349 1.0000000180025095e-35 0.16045947646136996 1.0000000180025095e-35 77.416666666666671 1.4843597262952104 1.5000000000000002 87.225000000000009 11.250000000000002 4.9500000000000011 1.0000000180025095e-35 0.4288766712501198 1.9104278074866314 0.36238378613193634 5.410000000000001
decision_type=10 8 10 2 10 2 2 2 10 10 8 10 2 10 2 10 10 2 10 10 10 10 10 2 2 10 2 8 2 10
left_child=1 11 4 16 8 13 9 -6 18 24 -8 -1 -10 19 27 22 -4 -18 -2 21 -11 -5 -9 -16 -3 -15 -20 -12 -21 -19
right_child=2 6 3 5 7 -7 10 15 12 20 14 -13 -14 25 23 -17 17 29 26 28 -22 -23 -24 -25 -26 -27 -28 -29 -30 -31
leaf_value=1.211875737336862 1.2490442155220318 1.2285156039390921 1.2585338896707019 1.2842556806106582 1.2737190898939768 1.3797356302965602 1.2444810941430355 1.2874283508054591 1.2624039754600254 1.2456820811469831 1.2570555085102049 1.223909736254353 1.2984527835147528 1.2867374520925026 1.3010920039625551 1.3158410503857958 1.2790305798673143 1.2952328556028161 1.2594523640257229 1.3119368319818128 1.2658546679145888 1.3129076647243829 1.3041384122205166 1.3993690306281283 1.2433690308303498 1.3374652102796984 1.2762312312956339 1.2770889381114212 1.3277937882087785 1.3102685017458342
leaf_weight=82387 6496 10534 922 1588 10124 1473 3034 9002 2089 7494 2507 13782 3176 228 888 2466 2866 5302 5760 3466 2228 1786 3057 69 3705 4554 2881 2592 3409 2835
leaf_count=82387 6496 10534 922 1588 10124 1473 3034 9002 2089 7494 2507 13782 3176 228 888 2466 2866 5302 5760 3466 2228 1786 3057 69 3705 4554 2881 2592 3409 2835
internal_value=1.24671 1.22197 1.29021 1.31142 1.27683 1.3254 1.24634 1.28671 1.26488 1.23965 1.26395 1.2136 1.28415 1.32008 1.27371 1.29577 1.29208 1.29489 1.25818 1.31309 1.25031 1.29942 1.29166 1.30818 1.23238 1.33505 1.26505 1.26724 1.3198 1.30047
internal_weight=202700 129220 73480 28429 45051 16504 33051 24649 20402 23961 9090 96169 5265 15031 6056 14525 11925 11003 15137 10249 9722 3374 12059 957 14239 4782 8641 5099 6875 8137
internal_count=202700 129220 73480 28429 45051 16504 33051 24649 20402 23961 9090 96169 5265 15031 6056 14525 11925 11003 15137 10249 9722 3374 12059 957 14239 4782 8641 5099 6875 8137
is_linear=0
shrinkage=1


Tree=1
num_leaves=31
num_cat=1
split_feature=8 8 3 39 24 0 24 39 8 0 9 8 0 0 24 39 24 17 41 3 24 9 3 0 39 39 8 3 24 24
split_gain=228526 27100.2 21827.4 8460.89 5043.08 4535.46 3884.33 2545.17 2525.14 2113.62 1822.53 1738.63 1690.44 1493.46 1420.52 1327.56 1103.25 1087.23 1004.51 985.328 909.041 740.948 726.228 682.374 581.243 564.566 562.531 554.303 551.812 530.17
threshold=30.833333333333339 2.8333333333333335 2.5847701149425295 0.37509715810834593 8.4500000000000011 1.5000000000000002 5.4500000000000011 0.2886782196345446 76.166666666666671 1.0000000180025095e-35 1.0000000180025095e-35 60.416666666666679 1.5000000000000002 1.0000000180025095e-35 6.2500000000000009 0.228017100192455 7.7500000000000009 19.100000000000005 0 5.1449579831932786 5.1500000000000012 87.225000000000009 1.3766891891891893 1.5000000000000002 0.18763344508504728 0.21729194552652412 78.833333333333357 1.7119815668202767 4.9500000000000011 11.250000000000002
decision_type=10 8 10 2 2 10 2 2 10 10 10 10 10 8 2 2 2 10 1 10 2 10 10 10 2 2 10 8 2 2
left_child=1 10 5 12 11 8 9 -7 20 28 -1 23 26 -8 -13 -10 27 21 25 -6 -2 -9 -11 -5 -20 -14 -4 -15 -3 -18
right_child=2 6 3 4 19 7 13 17 15 22 -12 14 18 16 -16 -17 29 -19 24 -21 -22 -23 -24 -25 -26 -27 -28 -29 -30 -31
leaf_value=-0.03382055955223804 0.0033658771843419356 -0.017890573036752684 0.015301957631393547 0.034231529071873011 0.094411796333437617 0.024461527774964315 -0.0010884989835879364 0.037952722710245135 0.012994945021999936 -0.0011104573968930564 -0.022039077920418818 0.066271739256070064 0.017225068900488884 0.0090303811667980603 0.088999309486247305 0.043375573426406432 0.051671464380244135 0.07066768470230457 0.043702714996812234 0.13140413154323366 0.020097201190015689 0.056066662270077297 0.017537060692624559 0.062114840466824778 0.060323107194087427 0.044637751532539439 0.038062572720637573 0.028468084774347414 -0.0045326937509711489 0.14223767791874706
leaf_weight=82320 8500 10540 1984 1654 1320 8911 3074 8381 1966 7246 13798 9134 1139 2351 3395 3790 639 1371 2865 1273 4454 2683 2538 1512 5586 1664 1926 3012 3782 64
leaf_count=82320 8500 10540 1984 1654 1320 8911 3074 8381 1966 7246 13798 9134 1139 2351 3395 3790 639 1371 2865 1273 4454 2683 2538 1512 5586 1664 1926 3012 3782 64
internal_value=-5.2299e-05 -0.0240538 0.0421871 0.0600757 0.0738143 0.0272477 -0.000706704 0.0366987 0.0164652 -0.00702093 -0.0321293 0.067411 0.0435068 0.0159466 0.0724303 0.0329989 0.0245792 0.045468 0.0494109 0.112573 0.00911864 0.0423453 0.00372677 0.0475479 0.0546239 0.0333795 0.0265135 0.0199471 -0.0143632 0.0599165
internal_weight=202872 129364 73508 33452 18288 40056 33246 21346 18710 24106 96118 15695 15164 9140 12529 5756 6066 12435 11254 2593 12954 11064 9784 3166 8451 2803 3910 5363 14322 703
internal_count=202872 129364 73508 33452 18288 40056 33246 21346 18710 24106 96118 15695 15164 9140 12529 5756 6066 12435 11254 2593 12954 11064 9784 3166 8451 2803 3910 5363 14322 703
cat_boundaries=0 1
cat_threshold=2
is_linear=0
shrinkage=0.03


Tree=2
num_leaves=31
num_cat=0
split_feature=8 8 3 39 0 24 24 39 8 0 9 38 0 7 7 24 0 0 39 8 3 9 24 0 24 24 24 24 0 28
split_gain=216001 25288.5 21196.6 6737.94 5293.19 3782.57 3663.28 3263.9 2694.88 1938.38 1772.43 1699.25 1598.3 1505.75 1309.17 1184.48 1139.02 1030.1 1012.35 987.531 804.648 677.571 664.243 662.944 588.629 495.602 494.8 475.793 459.018 459.727
threshold=30.833333333333339 2.8333333333333335 2.9272486772486777 0.36419534373907475 1.5000000000000002 9.4500000000000011 5.4500000000000011 0.2886782196345446 82.416666666666671 1.0000000180025095e-35 1.0000000180025095e-35 0.17640452861717307 1.0000000180025095e-35 5.9450000000000012 4.6633333333333349 7.7500000000000009 1.0000000180025095e-35 1.0000000180025095e-35 0.16045947646136996 75.166666666666671 1.5638586956521741 87.225000000000009 8.8500000000000032 1.0000000180025095e-35 5.1500000000000012 4.9500000000000011 6.3500000000000005 5.8500000000000005 1.0000000180025095e-35 1.0000000180025095e-35
decision_type=10 8 10 2 10 2 2 2 10 10 10 2 8 10 10 2 10 10 2 10 10 10 2 10 2 2 2 2 10 2
left_child=1 10 4 16 8 13 9 -6 17 25 -1 -10 -8 19 21 -14 -4 -2 -18 26 -11 27 -16 -15 -19 -3 -5 -9 -7 -30
right_child=2 6 3 5 7 28 12 14 11 20 -12 -13 15 23 22 -17 18 24 -20 -21 -22 -23 -24 -25 -26 -27 -28 -29 29 -31
leaf_value=-0.032837259134011233 0.0017252420253970036 -0.017267428096852076 0.011589276417069239 0.040144553350531346 0.024971664892482894 0.061115021424703903 -0.0021701988904785953 0.035523118085875077 0.011583367793015316 -0.00099915886729646294 -0.021178891311071049 0.045812407002099223 0.019592597646041539 0.029731217802516998 0.06259994786937495 0.060551847354257747 0.031323560526159117 0.011190582117791307 0.052736563032376428 0.069643899996678568 0.020224173669461852 0.054654644037213186 0.13372468458548667 0.087211453934922009 0.027365690171541307 -0.0045786069462421791 0.065530954954823611 0.053254803792859164 0.10400272010525397 0.13653583944864228
leaf_weight=82463 6479 10541 876 1971 10470 122 3040 7735 1939 7803 13684 3994 5246 189 2516 723 2678 5091 7702 6759 2025 3187 124 4056 3362 3758 1064 1653 726 847
leaf_count=82463 6479 10541 876 1971 10470 122 3040 7735 1939 7803 13684 3994 5246 189 2516 723 2678 5091 7702 6759 2025 3187 124 4056 3362 3758 1064 1653 726 847
internal_value=-3.90389e-05 -0.0233888 0.0410097 0.0621617 0.0287456 0.0748398 -0.000787678 0.0378634 0.0175216 -0.00688295 -0.031178 0.0346258 0.0155361 0.0697287 0.0467347 0.0245538 0.0444397 0.0107255 0.0472121 0.0632605 0.00337378 0.0427027 0.0659407 0.0846523 0.0176239 -0.0139326 0.0490444 0.0386452 0.117173 0.121521
internal_weight=202823 129283 73540 26990 46550 15734 33136 25685 20865 24127 96147 5933 9009 14039 15215 5969 11256 14932 10380 9794 9828 12575 2640 4245 8453 14299 3035 9388 1695 1573
internal_count=202823 129283 73540 26990 46550 15734 33136 25685 20865 24127 96147 5933 9009 14039 15215 5969 11256 14932 10380 9794 9828 12575 2640 4245 8453 14299 3035 9388 1695 1573
is_linear=0
shrinkage=0.03


Tree=3
num_leaves=31
num_cat=0
split_feature=8 8 3 36 0 24 24 38 8 0 38 9 0 37 8 7 24 0 0 24 24 24 8 24 3 7 7 24 3 38
split_gain=203548 23707.4 20484.9 7104.88 4983.95 4148.48 3461.74 2841.49 2464.18 1768.02 1596.94 1592.48 1458.82 1405.86 1262.95 1113.26 1009.63 996.081 982.012 894.689 873.582 763.762 734.57 603.308 595.754 588.862 578.391 553.974 499.385 477.077
threshold=30.166666666666668 2.8333333333333335 2.7795138888888893 1.4072926602991351 1.5000000000000002 7.9500000000000011 5.4500000000000011 0.22551349105123256 76.166666666666671 1.0000000180025095e-35 0.18231797043032791 1.0000000180025095e-35 1.0000000180025095e-35 1.9647105550227679 80.416666666666671 4.8633333333333351 7.7500000000000009 1.5000000000000002 1.0000000180025095e-35 5.0500000000000007 9.8500000000000032 5.7500000000000009 25.166666666666668 8.3500000000000032 1.5469208211143697 5.1225000000000014 6.0633333333333344 11.450000000000001 1.6711711711711714 0.35468789625781111
decision_type=10 8 10 2 10 2 2 2 10 10 2 10 8 2 10 10 2 10 10 2 2 2 10 2 10 10 10 2 8 2
left_child=1 11 4 13 8 14 9 -6 19 -3 -10 -1 -8 18 17 24 28 -5 -4 -2 -7 -16 -11 -17 -9 -15 -20 -18 -14 -21
right_child=2 6 3 5 7 20 12 15 10 22 -12 -13 16 25 21 23 27 -19 26 29 -22 -23 -24 -25 -26 -27 -28 -29 -30 -31
leaf_value=-0.031838028261443753 0.0030574064217211844 -0.013407619422658869 0.017008438055383664 0.035783723832022878 0.023990528856882517 0.088871056843793317 -0.001827167011006416 0.032085359804723053 0.010527953367860983 -0.0017698383924039153 0.042282505712024541 -0.020826216021459409 0.0087717731111822596 0.018029772856422349 0.064784780965535305 0.060890568722439892 0.049648324543687707 0.06416659198984738 0.04748436029901186 0.012649649955841528 0.1204588236290315 0.083634781881131853 0.016904795742393727 0.1236513807669582 0.046184339362780352 0.04306400213357027 0.065142355546341693 0.14641800074741756 0.027502162127436742 0.032184285015709864
leaf_weight=82394 8810 14016 797 1902 10203 1723 2967 4099 2165 6941 4172 13799 2261 2316 5006 1842 649 2682 6943 3643 1452 3153 2608 149 7888 1332 2198 58 2956 1628
leaf_count=82394 8810 14016 797 1902 10203 1723 2967 4099 2165 6941 4172 13799 2261 2316 5006 1842 649 2682 6943 3643 1452 3153 2608 149 7888 1332 2198 58 2956 1628
internal_value=3.54668e-05 -0.0227778 0.0396412 0.059034 0.026812 0.0726347 -0.000606845 0.0360275 0.0158982 -0.00662499 0.0314337 -0.0302584 0.0153439 0.0430988 0.0649901 0.0448136 0.0239439 0.0523899 0.0489457 0.00890664 0.103317 0.0720693 0.00333053 0.0655874 0.0413631 0.0271706 0.0517303 0.057587 0.0193846 0.0186831
internal_weight=202752 128649 74103 29504 44599 15918 32456 24181 20418 23565 6337 96193 8891 13586 12743 13978 5924 4584 9938 14081 3175 8159 9549 1991 11987 3648 9141 707 5217 5271
internal_count=202752 128649 74103 29504 44599 15918 32456 24181 20418 23565 6337 96193 8891 13586 12743 13978 5924 4584 9938 14081 3175 8159 9549 1991 11987 3648 9141 707 5217 5271
is_linear=0
shrinkage=0.03


Tree=4
num_leaves=31
num_cat=0
split_feature=8 8 3 39 24 0 24 8 38 8 0 9 0 0 24 38 39 0 24 24 3 24 24 8 8 36 3 8 19 17
split_gain=192298 22329.8 18753.6 7388.97 4443.93 3770.54 3274.65 2095.85 2088.85 1742.25 1596.9 1482.21 1475.4 1309.67 1308.21 1216.97 928.904 919.117 830.775 789.002 768.149 753.102 675.106 718.841 563.222 614.747 551.994 547.371 494.297 460.462
threshold=30.166666666666668 2.8333333333333335 2.5469208211143699 0.37509715810834593 9.4500000000000011 1.5000000000000002 5.7500000000000009 76.166666666666671 0.2243032116004354 74.166666666666671 1.0000000180025095e-35 1.0000000180025095e-35 1.5000000000000002 1.0000000180025095e-35 6.0500000000000007 0.18231797043032791 0.16045947646136996 1.5000000000000002 5.0500000000000007 10.950000000000001 1.5638586956521741 4.9500000000000011 6.5500000000000007 80.166666666666671 81.833333333333357 2.8213120058654755 1.9104278074866314 78.416666666666671 9.9266666666666712 25.633333333333336
decision_type=10 8 10 2 2 10 2 10 2 10 10 10 10 8 2 2 2 10 2 2 10 2 2 10 10 2 8 10 8 10
left_child=1 11 5 12 9 7 10 18 -7 17 21 -1 27 -8 -11 -9 -14 -5 -2 26 -12 -3 23 -10 25 -6 -15 -4 -23 -18
right_child=2 6 3 4 24 8 13 15 22 14 20 -13 16 19 -16 -17 29 -19 -20 -21 -22 28 -24 -25 -26 -27 -28 -29 -30 -31
leaf_value=-0.030899452556434479 0.0025811665094205198 -0.016075537939024945 0.012965426304921656 0.034816000038130797 0.082928056591385052 0.022245975971868042 0.0004184997396794522 0.010934012102766393 0.031706198720661896 0.062451575186374293 -0.00064601383236204753 -0.020252629513603355 0.030617209632115117 0.015334645904592667 0.083868385318322664 0.040363064022438083 0.046548308118180337 0.060144146392058777 0.0183023521737894 0.12350109639076086 0.018730895956449847 -0.010341977559795719 0.064578115966847038 0.047002620753218274 0.12802222033553193 0.17079177047367447 0.037767995603646895 0.035111341220928023 0.0081843368011136203 0.063742275627512723
leaf_weight=82364 8403 10413 2020 2388 622 8856 2242 1934 5605 7954 8352 13730 2972 1874 3790 3654 6842 2803 4727 78 2362 2929 1036 5457 1010 81 2086 1998 2325 1763
leaf_count=82364 8403 10413 2020 2388 622 8856 2242 1934 5605 7954 8352 13730 2972 1874 3790 3654 6842 2803 4727 78 2362 2929 1036 5457 1010 81 2086 1998 2325 1763
internal_value=4.64295e-05 -0.0220946 0.0386146 0.0548796 0.0676235 0.0245755 -0.00066496 0.0147899 0.0333168 0.0629658 -0.00529968 -0.0293782 0.0396408 0.0188045 0.0693632 0.0301777 0.0450769 0.0484925 0.00824103 0.0290129 0.0036258 -0.0114034 0.0414209 0.0392521 0.113671 0.0930518 0.0271518 0.0239778 -0.00214371 0.050071
internal_weight=202670 128755 73915 34243 18648 39672 32661 18718 20954 16935 26381 96094 15595 6280 11744 5588 11577 5191 13130 4038 10714 15667 12098 11062 1713 703 3960 4018 5254 8605
internal_count=202670 128755 73915 34243 18648 39672 32661 18718 20954 16935 26381 96094 15595 6280 11744 5588 11577 5191 13130 4038 10714 15667 12098 11062 1713 703 3960 4018 5254 8605
is_linear=0
shrinkage=0.03


Tree=5
num_leaves=31
num_cat=0
split_feature=8 8 3 39 8 39 24 24 0 0 3 8 26 24 24 0 0 39 0 29 9 0 24 0 39 24 17 24 37 17
split_gain=177652 20920.5 17401.6 5286.6 4515.37 3508.08 3241.08 2892.87 2840 1632.61 1526.98 1354.21 1136.01 983.602 970.76 949.775 912.713 887.049 777.994 745.385 716.457 715.492 707.037 597.556 588.133 577.151 564.251 558.481 551.499 527.981
threshold=30.166666666666668 2.8333333333333335 2.9511904761904768 0.36687004660521216 76.166666666666671 0.26445601287424347 7.9500000000000011 5.7500000000000009 1.5000000000000002 1.5000000000000002 0.31909090909090915 78.416666666666671 11.842362296775384 6.0500000000000007 4.5500000000000007 1.0000000180025095e-35 1.0000000180025095e-35 0.37918170574320248 1.5000000000000002 3.5000000000000004 72.450000000000017 1.0000000180025095e-35 5.7500000000000009 1.0000000180025095e-35 0.59451084220097705 5.2500000000000009 18.100000000000005 5.0500000000000007 1.2274104112024995 25.225000000000005
decision_type=10 8 10 2 10 2 2 2 10 10 10 10 8 2 2 10 10 2 10 8 10 8 2 8 2 2 10 2 2 10
left_child=1 10 4 15 8 27 11 9 16 14 -1 18 -9 28 -3 -4 -2 -10 -5 -17 -8 -16 -13 -14 -25 -18 -19 -6 -7 -21
right_child=2 7 3 6 5 13 20 12 17 -11 -12 22 23 -15 21 19 25 26 -20 29 -22 -23 -24 24 -26 -27 -28 -29 -30 -31
leaf_value=-0.030418777826088445 0.00041233196379022395 -0.014201010192025028 0.0096393988568049208 0.030379602753833775 0.016843811437241077 0.049115849395894987 0.077247023297680739 0.006034359072825732 0.021307513036904181 0.017654597574458534 -0.021083356489676623 0.060612048180865095 0.010166363299037296 0.073498217773313904 -0.0097538511296762741 0.053085449793044776 0.0093125368426160773 0.034017095438860077 0.057663649703017988 0.031748758338574101 0.10686449896085813 0.0043826017744419583 0.078305587815239566 0.029234201666870307 0.06384622985206613 0.025881815765669607 0.062626324626172722 0.035898227569014771 0.036234540660358791 0.052483109689656658
leaf_weight=76214 6486 10688 832 1647 6528 6711 1215 3445 6411 2574 19883 5308 826 1061 5874 3998 5046 4374 2193 4822 1861 7138 3294 1362 654 3027 723 1757 5397 1434
leaf_count=76214 6486 10688 832 1647 6528 6711 1215 3445 6411 2574 19883 5308 826 1061 5874 3998 5046 4374 2193 4822 1861 7138 3294 1362 654 3027 723 1757 5397 1434
internal_value=-0.000131976 -0.0214454 0.0368616 0.0562884 0.0259857 0.0361791 0.0675918 -0.000663075 0.0175963 -0.00503724 -0.0284872 0.0607747 0.017617 0.0458012 -0.00750175 0.0404663 0.00879248 0.0287341 0.0459614 0.0429675 0.0951658 -0.00199901 0.0673875 0.0316572 0.0404625 0.0155252 0.0380753 0.0208847 0.0433742 0.0365015
internal_weight=202783 128658 74125 26604 47521 21454 15518 32561 26067 26274 96097 12442 6287 13169 23700 11086 14559 11508 3840 10254 3076 13012 8602 2842 2016 8073 5097 8285 12108 6256
internal_count=202783 128658 74125 26604 47521 21454 15518 32561 26067 26274 96097 12442 6287 13169 23700 11086 14559 11508 3840 10254 3076 13012 8602 2842 2016 8073 5097 8285 12108 6256
is_linear=0
shrinkage=0.03


Tree=6
num_leaves=31
num_cat=2
split_feature=1 3 9 0 39 7 0 38 10 3 9 3 39 38 0 0 7 38 41 3 3 0 7 29 0 41 40 10 17 36
split_gain=167926 19285.2 15743.5 5686.08 5629.47 3123.3 2702.3 2425.89 1871.52 1589.11 1213.48 1192.93 1113.73 1021.72 858.078 827.624 770.234 715.291 694.816 671.529 653.192 649.616 578.881 544.676 512.264 485.348 480.503 469.468 465.416 434.686
threshold=0.83333333333333337 2.8268365817091459 2.2250000000000005 1.5000000000000002 0.36687004660521216 6.0100000000000016 1.0000000180025095e-35 0.22551349105123256 0.90000000000000013 1.9864864864864866 63.100000000000009 1.819805194805195 0.16045947646136996 0.18696791755398803 1.0000000180025095e-35 1.0000000180025095e-35 9.5225000000000026 0.31793254282913597 0 1.5763403263403266 0.12310606060606062 1.0000000180025095e-35 4.8225000000000016 2.5000000000000004 1.0000000180025095e-35 1 181.905 0.90000000000000013 23.900000000000002 1.7853837643335537
decision_type=10 10 8 10 2 10 8 2 10 10 10 10 2 2 10 10 10 2 1 10 10 10 10 10 10 1 2 10 10 2
left_child=2 3 20 8 12 21 10 25 14 17 26 -9 18 -10 -2 27 24 -8 -3 -16 -1 -6 -13 -23 -7 -5 -4 -14 -17 -18
right_child=1 4 6 7 5 16 9 11 13 -11 -12 22 15 -15 19 28 29 -19 -20 -21 -22 23 -24 -25 -26 -27 -28 -29 -30 -31
leaf_value=-0.029860152455264376 -0.0009013023463048717 -0.00017738189104664532 -0.015793132820753997 0.011774627821279684 0.03494921943838377 0.034023652365508153 -0.003455823875202298 0.030730450027520714 0.0094082529129323553 0.033070718730192156 0.016242279847213253 0.043604020410756672 -0.00076751402952117496 0.041662262520962584 0.0065394798578048688 0.042497188650467768 0.076187774493174432 0.011033756851335057 0.031556080539639181 0.021165958035708803 -0.023632050756887939 0.063575295569454821 0.063174052724268584 0.048904797956347466 0.079003080427668085 0.025680330489749683 -0.0019937094015607592 0.055684583325045445 0.059196335784596245 0.11116093333376732
leaf_weight=68641 6619 855 17220 3269 1195 242 9717 6923 1347 1554 1273 6890 547 2571 6784 6451 449 4480 2330 4841 19450 6407 1695 3534 3906 7774 2616 175 1958 1112
leaf_count=68641 6619 855 17220 3269 1195 242 9717 6923 1347 1554 1273 6890 547 2571 6784 6451 449 4480 2330 4841 19450 6407 1695 3534 3906 7774 2616 175 1958 1112
internal_value=-4.67758e-05 0.0345307 -0.0215967 0.0229797 0.0538263 0.0650971 -0.0051344 0.0323439 0.0117611 0.00426912 -0.0121511 0.039996 0.0384109 0.0305734 0.00772103 0.043739 0.0831387 0.0011165 0.0231359 0.0126304 -0.028485 0.0558478 0.0474679 0.05836 0.0763789 0.0215978 -0.0139732 0.0129155 0.0463855 0.101101
internal_weight=202825 77874 124951 48713 29161 16845 36860 26551 22162 15751 21109 15508 12316 3918 18244 9131 5709 14197 3185 11625 88091 11136 8585 9941 4148 11043 19836 722 8409 1561
internal_count=202825 77874 124951 48713 29161 16845 36860 26551 22162 15751 21109 15508 12316 3918 18244 9131 5709 14197 3185 11625 88091 11136 8585 9941 4148 11043 19836 722 8409 1561
cat_boundaries=0 1 2
cat_threshold=2 2
is_linear=0
shrinkage=0.03


Tree=7
num_leaves=31
num_cat=0
split_feature=8 8 3 39 24 37 24 8 0 7 0 37 8 3 8 3 3 38 7 0 26 24 3 8 0 0 0 26 24 11
split_gain=159169 18148.6 15731.4 6537.17 3179.2 3149.88 2876.86 2060.45 1813.32 1624.45 1499.47 1327.4 1274.54 1156.48 1026.98 1000.6 939.375 928.283 869.497 856.441 611.89 590.682 577.605 553.077 519.355 503.548 489.931 439.37 426.664 432.115
threshold=30.166666666666668 0.83333333333333337 2.5469208211143699 0.46827467770221809 9.4500000000000011 1.232224239541021 5.7500000000000009 76.166666666666671 1.0000000180025095e-35 5.8225000000000007 1.0000000180025095e-35 1.9415523018028404 61.166666666666679 2.8449519230769238 78.416666666666671 0.44636015325670503 1.2742946708463954 0.14380626402200472 6.2100000000000017 1.0000000180025095e-35 10.668455269566346 4.9500000000000011 5.1449579831932786 78.833333333333357 1.0000000180025095e-35 1.0000000180025095e-35 1.0000000180025095e-35 12.065349741430238 10.550000000000002 7.5000000000000009
decision_type=10 8 10 2 2 2 2 10 10 10 10 2 10 8 10 10 10 2 10 10 10 2 10 10 10 10 10 8 2 8
left_child=1 15 5 9 12 7 10 19 -7 11 21 14 24 26 25 -1 -12 -10 -14 -2 -21 -3 -6 -19 -5 -4 -8 -23 -15 -30
right_child=2 6 3 4 22 8 13 -9 17 -11 16 -13 18 28 -16 -17 -18 23 -20 20 -22 27 -24 -25 -26 -27 -28 -29 29 -31
leaf_value=-0.028547222819211356 0.0075061596818004096 -0.015551271691255612 0.006127034386526441 0.022526564468723861 0.084418166413653836 -0.00094444399451607789 -0.0039656281027756141 0.047285511367434016 0.010032450305514832 0.053750209758842843 -0.0032740802038460971 0.018186922824042967 0.060759466643844982 0.031545738744711747 0.04537231562055502 -0.020110695185281764 0.015341943716493733 0.018414099183904686 0.081451223747188758 0.019936140599862859 0.03823886892507726 -0.010985801120001885 0.12280108425785868 0.030268534867224226 0.0514569719152487 0.032273367796653248 0.016020714798364536 0.0059482709818898787 0.036117006427277096 0.14875966668642801
leaf_weight=78435 2115 11534 838 781 580 4755 1895 5728 6313 5310 8176 3473 6518 1865 8101 15086 3477 7726 2540 3163 3423 3202 901 6541 1960 3173 2644 2422 65 58
leaf_count=78435 2115 11534 838 781 580 4755 1895 5728 6313 5310 8176 3473 6518 1865 8101 15086 3477 7726 2540 3163 3423 3202 901 6541 1960 3173 2644 2422 65 58
internal_value=-0.000133041 -0.0202656 0.0349534 0.04988 0.0663382 0.0221249 -0.00195005 0.0333132 0.0157528 0.0394198 -0.0060242 0.0345372 0.0611378 0.0160338 0.0392255 -0.0271863 0.00228053 0.0196107 0.0665617 0.0241151 0.0294488 -0.0116644 0.107769 0.023849 0.0432138 0.0268107 0.00767656 -0.00369307 0.0351149 0.0892331
internal_weight=202798 128859 73939 34175 13280 39764 35338 14429 25335 20895 28811 15585 11799 6527 12112 93521 11653 20580 9058 8701 6586 17158 1481 14267 2741 4011 4539 5624 1988 123
internal_count=202798 128859 73939 34175 13280 39764 35338 14429 25335 20895 28811 15585 11799 6527 12112 93521 11653 20580 9058 8701 6586 17158 1481 14267 2741 4011 4539 5624 1988 123
is_linear=0
shrinkage=0.03


Tree=8
num_leaves=31
num_cat=3
split_feature=8 8 3 39 38 24 24 8 0 0 9 8 0 24 8 0 24 41 24 38 3 0 8 38 8 24 39 41 39 41
split_gain=151993 17629.8 15129.3 4972.81 4048.33 3260.46 2641.98 2252.06 2180.6 1503.31 1342.97 1190.79 1132.24 1014.55 984.16 885.784 849.76 794.323 788.313 757.63 755.804 695.861 679.954 621.978 611.741 542.627 483.681 468.866 459.677 455.768
threshold=30.833333333333339 3.4166666666666674 2.9272486772486777 0.33364211360270818 0.29287860403928195 8.4500000000000011 5.4500000000000011 76.166666666666671 1.5000000000000002 1.0000000180025095e-35 1.0000000180025095e-35 77.416666666666671 1.0000000180025095e-35 5.8500000000000005 76.166666666666671 1.5000000000000002 6.2500000000000009 0 7.7500000000000009 0.14380626402200472 5.506756756756757 1.0000000180025095e-35 85.416666666666671 0.13515993162639175 16.416666666666668 6.0500000000000007 0.228017100192455 1 0.59451084220097705 2
decision_type=10 8 10 2 2 2 2 10 10 10 10 10 8 2 10 10 2 1 2 2 10 10 10 2 10 2 2 1 2 1
left_child=1 10 4 17 8 11 9 13 14 -3 -1 15 -8 21 -2 -5 -13 23 -14 27 -7 -6 -19 -4 -11 29 -16 -10 -20 -9
right_child=2 6 3 5 7 20 12 25 19 24 -12 16 18 -15 26 -17 -18 22 28 -21 -22 -23 -24 -25 -26 -27 -28 -29 -30 -31
leaf_value=-0.027367002452755158 0.0027879408515738635 -0.011814464616471447 -0.00081827113951059207 0.027893131142007761 0.00537977623861087 0.078763314895181943 -0.0015462629244099428 0.052648734303756932 0.00049825359322130686 -0.0040760675422963286 -0.017536432096846931 0.057064064415224269 0.017239837121816613 0.043821234625214117 0.0099098712051138883 0.055304661847769075 0.076728764133665514 0.0304391133682743 0.029082234901642162 0.029270232652954337 0.11108432659797478 0.026424227569272464 0.049208444999645884 0.030696542336799131 0.011209520823501525 0.073656144351471622 0.029412035010739187 0.021151310673417138 0.077499138344880009 0.035829097758404219
leaf_weight=82336 8900 13859 798 1865 1900 1491 2916 3856 1430 4624 14747 7446 5194 2306 2234 2461 2693 3140 392 11157 1156 5530 3888 1919 4805 698 2347 3259 321 2714
leaf_count=82336 8900 13859 798 1865 1900 1491 2916 3856 1430 4624 14747 7446 5194 2306 2234 2461 2693 3140 392 11157 1156 5530 3888 1919 4805 698 2347 3259 321 2714
internal_value=6.7744e-05 -0.0195002 0.0346098 0.0525248 0.0242248 0.0622665 -0.000230774 0.035871 0.0174723 -0.00552742 -0.0258737 0.0566647 0.0137495 0.0264379 0.00860332 0.0434872 0.0622872 0.0354187 0.0213004 0.0250176 0.0928786 0.0210427 0.0407646 0.0213618 0.00371344 0.0485072 0.0199015 0.0148989 0.05088 0.0458354
internal_weight=202382 129194 73188 26857 46331 17112 32111 17004 29327 23288 97083 14465 8823 9736 13481 4326 10139 9745 5907 15846 2647 7430 7028 2717 9429 7268 4581 4689 713 6570
internal_count=202382 129194 73188 26857 46331 17112 32111 17004 29327 23288 97083 14465 8823 9736 13481 4326 10139 9745 5907 15846 2647 7430 7028 2717 9429 7268 4581 4689 713 6570
cat_boundaries=0 1 2 3
cat_threshold=2 2 3
is_linear=0
shrinkage=0.03


Tree=9
num_leaves=31
num_cat=2
split_feature=1 3 9 0 39 24 39 0 24 9 39 7 24 10 0 41 9 38 3 26 7 0 9 39 0 9 24 24 41 3
split_gain=140338 15829.3 13262.2 4635.07 4617.69 2363.15 2098.28 2012.12 1649.01 1519.2 1482.97 1243.28 1050.54 1019.99 963.888 865.367 809.266 798.544 785.174 768.405 687.518 685.655 674.17 657.52 539.075 498.04 492.994 483.368 470.131 455.661
threshold=0.83333333333333337 2.8449519230769238 4.1000000000000005 1.5000000000000002 0.4919063502856616 8.0500000000000025 0.2886782196345446 1.0000000180025095e-35 4.7500000000000009 85.225000000000009 0.228017100192455 4.8225000000000016 7.3500000000000005 1.0000000180025095e-35 1.0000000180025095e-35 0 63.100000000000009 0.18696791755398803 0.12310606060606062 10.694838449790241 8.2100000000000026 1.0000000180025095e-35 87.225000000000009 0.4288766712501198 1.5000000000000002 78.225000000000009 8.8500000000000032 11.350000000000003 1 5.1449579831932786
decision_type=10 10 8 10 2 2 2 8 2 10 2 10 2 10 10 1 10 2 10 10 10 10 10 2 10 10 2 2 1 10
left_child=2 3 18 9 10 24 -5 16 13 19 15 22 28 -9 -12 -3 -4 -11 -1 -2 -16 -7 -8 -21 25 -6 -13 -14 -10 -23
right_child=1 4 7 6 5 21 11 8 12 17 14 26 27 -15 20 -17 -18 -19 -20 23 -22 29 -24 -25 -26 -27 -28 -29 -30 -31
leaf_value=-0.027269017405157237 0.0022794288732401846 0.0071637894050840699 -0.01179529979840695 0.019451565759491137 0.032563660272612725 0.040552560624976954 0.029615663223628807 -0.014844121188923412 0.024227495235482472 0.0094572087603421937 0.017446977747159882 0.054109661415272146 0.043623808635165913 0.0087764846233397038 0.045448724855709867 0.034096853409642344 0.012775444308471457 0.039585663460663757 -0.020766561206442859 0.0068763172748904635 0.068643057126622553 0.081951623258435191 0.045624090583379399 0.023696275705486301 0.061492944815085361 0.062197962646484153 0.11869559507459468 0.14086516831103946 0.0063963938354116888 0.10903707875470316
leaf_weight=68903 10391 1486 17824 10835 1313 225 10619 4367 1771 1206 1006 2115 576 2640 10160 4056 1294 2305 22065 4638 1297 1118 3047 3810 6283 835 112 50 5372 1118
leaf_count=68903 10391 1486 17824 10835 1313 225 10619 4367 1771 1206 1006 2115 576 2640 10160 4056 1294 2305 22065 4638 1297 1118 3047 3810 6283 835 112 50 5372 1118
internal_value=-4.14972e-06 0.031573 -0.0197238 0.0212011 0.0491884 0.0646072 0.0296318 -0.00370618 0.0046082 0.0111191 0.0398609 0.0365721 0.014126 -0.00594468 0.0456022 0.0269496 -0.0101322 0.0292368 -0.0256918 0.00774249 0.0480745 0.0904712 0.0331849 0.014462 0.0570575 0.0440835 0.0573578 0.0513907 0.0108602 0.0954944
internal_weight=202837 77975 124862 49078 28897 10892 26728 33894 14776 22350 18005 15893 7769 7007 12463 5542 19118 3511 90968 18839 11457 2461 13666 8448 8431 2148 2227 626 7143 2236
internal_count=202837 77975 124862 49078 28897 10892 26728 33894 14776 22350 18005 15893 7769 7007 12463 5542 19118 3511 90968 18839 11457 2461 13666 8448 8431 2148 2227 626 7143 2236
cat_boundaries=0 1 2
cat_threshold=2 3
is_linear=0
shrinkage=0.03


Tree=10
num_leaves=31
num_cat=2
split_feature=8 2 8 24 0 26 38 24 36 8 37 26 8 38 41 24 8 0 38 24 24 9 8 8 25 40 37 17 0 41
split_gain=134474 14297.4 10524.1 5959.79 5466.53 2944.77 2551.43 2089.04 1808.3 1558.66 1448.73 1333.02 1162.28 987.506 852.153 821.279 730.898 730.82 668.927 667.526 663.594 630.733 584.077 578.518 573.698 545.78 535.878 419.495 408.891 406.808
threshold=25.166666666666668 2.9000000000000004 0.83333333333333337 6.5500000000000007 1.0000000180025095e-35 11.493676384425777 0.1739878583662198 4.9500000000000011 1.7362524804913437 74.833333333333357 1.5599758215178405 11.462021565729133 74.833333333333357 0.24594277976095399 0 9.8500000000000032 86.416666666666671 1.5000000000000002 0.31951862180559476 7.9500000000000011 10.550000000000002 1.0000000180025095e-35 81.416666666666671 87.166666666666671 1.0000000180025095e-35 173.86000000000016 1.4880881462458511 22.100000000000005 1.0000000180025095e-35 1
decision_type=10 10 8 2 10 10 2 2 2 10 2 8 10 2 1 2 10 10 2 2 2 10 10 10 8 2 2 10 10 1
left_child=2 4 21 6 12 13 14 -4 22 17 19 -9 25 -6 -3 24 -15 -8 27 23 -13 -1 -5 -7 -10 -2 -14 -11 -17 -12
right_child=1 3 7 8 5 10 9 11 15 18 29 20 26 16 -16 28 -18 -19 -20 -21 -22 -23 -24 -25 -26 -27 -28 -29 -30 -31
leaf_value=-0.025781583860427233 -0.0048737040730111297 0.0043412187514733809 -0.011793988171051957 0.037516271225920793 0.012833317024156502 0.034026847087290576 0.015404939633603629 -0.0031570836114245041 0.061704874581084285 0.039780254024430847 0.010095408574031416 0.014757774995030611 0.041610810326983584 0.020813947935649828 0.028933540250778392 0.042640309909379087 0.038777215773301288 0.039131596286205959 0.055818673958262108 0.070191738911024718 0.097352085216494091 -0.018123456536118691 0.062739733854732097 0.049422595640790899 0.088241024889146161 0.014545054327468283 0.0082779729194754122 0.05889424776795936 0.10891593402791346 0.028915995335503489
leaf_weight=82378 8636 1956 14327 1380 12306 5503 2112 7941 1615 6787 1717 5365 851 8389 3674 91 2693 2615 6197 719 89 10968 2059 3656 1343 1534 886 1219 1056 2736
leaf_count=82378 8636 1956 14327 1380 12306 5503 2112 7941 1615 6787 1717 5365 851 8389 3674 91 2693 2615 6197 719 89 10968 2059 3656 1343 1534 886 1219 1056 2736
internal_value=1.00971e-05 0.0297426 -0.0200616 0.0453429 0.0196505 0.0252448 0.0381791 -0.003831 0.0686652 0.0434524 0.0359532 0.00468603 0.00192894 0.0186832 0.0204487 0.0821088 0.0251791 0.0285306 0.0484186 0.0423574 0.0161056 -0.0248818 0.0526181 0.0401724 0.0737529 -0.00194466 0.0246086 0.0426906 0.103658 0.0217467
internal_weight=202798 81730 121068 32104 49626 37719 24560 27722 7544 18930 14331 13395 11907 23388 5630 4105 11082 4727 14203 9878 5454 93346 3439 9159 2958 10170 1737 8006 1147 4453
internal_count=202798 81730 121068 32104 49626 37719 24560 27722 7544 18930 14331 13395 11907 23388 5630 4105 11082 4727 14203 9878 5454 93346 3439 9159 2958 10170 1737 8006 1147 4453
cat_boundaries=0 1 2
cat_threshold=2 2
is_linear=0
shrinkage=0.03


Tree=11
num_leaves=31
num_cat=2
split_feature=8 8 7 39 8 39 0 0 0 26 9 8 37 31 26 26 26 0 41 37 26 41 17 38 39 14 0 29 38 38
split_gain=127419 14958.6 11915 5496.02 3579.1 2567.66 2191.62 1689.18 1433.05 1279.05 1192.97 1049.01 1005.32 979.02 877.72 845.691 758.344 708.679 577.381 545.742 539.637 492.823 491.317 580.248 477.251 471.054 432.458 403.132 402.58 391.291
threshold=30.833333333333339 3.8333333333333335 5.5225000000000017 0.35975309550754647 80.416666666666671 0.41874700360120759 1.5000000000000002 1.0000000180025095e-35 1.5000000000000002 11.523593359495175 1.0000000180025095e-35 78.166666666666671 1.9415523018028404 3.7333333333333338 12.261845516143206 14.557013014014869 11.61184276738479 1.0000000180025095e-35 0 0.89272198588394247 10.845036590434232 1 13.225000000000001 0.50325451102033569 0.22569628931093058 0.65300000000000014 1.5000000000000002 2.5000000000000004 0.21624199241869455 0.36409675478520304
decision_type=10 8 10 2 10 2 10 10 10 10 10 10 2 8 10 10 10 10 1 2 10 1 10 2 2 10 10 10 2 2
left_child=1 10 3 6 8 -4 11 13 22 26 -1 -2 21 20 27 17 -10 -7 -14 -11 -3 -8 -5 -24 -13 -17 -9 -6 -15 -16
right_child=2 7 5 4 14 15 12 9 16 19 -12 24 18 28 29 25 -18 -19 -20 -21 -22 -23 23 -25 -26 -27 -28 -29 -30 -31
leaf_value=-0.025022528225067564 0.0020095915613175296 -0.013998808072312175 0.044093602155402971 0.013625920461853494 0.043541682267734617 0.023098644330180305 0.040309458604646402 -0.0001752953548451942 0.026705023522513697 0.05086713733735914 -0.01587095155360764 0.010280006253917303 0.00048924848062437284 -0.0066617481574937042 0.047594310045087983 0.084123611805131712 0.046063921572002266 0.068355932703875438 0.020458190615461738 0.019013760470510146 -0.0013868282961167449 0.025794456455959073 0.02758371839272257 0.099676955718923058 0.028954449786289888 0.13134218478286319 0.013929380726496562 0.026251338365252064 0.012510099173004042 0.062012379849059822
leaf_weight=82568 8579 9229 6333 6624 4768 332 2824 8007 4073 612 15176 2529 1898 1459 3470 1054 3294 5018 4204 2316 4563 9547 1285 109 2401 232 2589 1628 3039 3310
leaf_count=82568 8579 9229 6333 6624 4768 332 2824 8007 4073 612 15176 2529 1898 1459 3470 1054 3294 5018 4204 2316 4563 9547 1285 109 2401 232 2589 1628 3039 3310
internal_value=0.000114402 -0.017786 0.0316621 0.0260722 0.035637 0.0577578 0.0175304 8.17796e-05 0.025809 0.00812083 -0.0236016 0.00834688 0.0242461 -0.00586246 0.0471127 0.0707981 0.0353609 0.0655474 0.0142813 0.0256716 -0.00982621 0.0291613 0.0170327 0.0332209 0.0193748 0.092642 0.00327101 0.0391407 0.0062914 0.0546332
internal_weight=203070 129558 73512 60543 28561 12969 31982 31814 15385 13524 97744 13509 18473 18290 13176 6636 7367 5350 6102 2928 13792 12371 8018 1394 4930 1286 10596 6396 4498 6780
internal_count=203070 129558 73512 60543 28561 12969 31982 31814 15385 13524 97744 13509 18473 18290 13176 6636 7367 5350 6102 2928 13792 12371 8018 1394 4930 1286 10596 6396 4498 6780
cat_boundaries=0 1 2
cat_threshold=2 9
is_linear=0
shrinkage=0.03


Tree=12
num_leaves=31
num_cat=1
split_feature=1 3 1 39 0 24 24 26 38 10 5 0 0 10 24 38 0 24 29 3 10 0 3 24 41 39 38 29 10 3
split_gain=116888 13442.9 10612.8 4736.28 3143.66 2754.04 1635.29 1582.17 1546.33 1339.42 1180.49 1054.7 969.786 878.656 855.798 696.428 689.762 663.025 655.083 634.764 633.264 584.417 577.723 486.082 464.567 437.423 434.391 428.781 405.105 362.219
threshold=0.83333333333333337 2.5847701149425295 1.0000000180025095e-35 0.36419534373907475 1.5000000000000002 7.9500000000000011 4.9500000000000011 11.462021565729133 0.22551349105123256 0.90000000000000013 0.90000000000000013 1.5000000000000002 1.5000000000000002 1.0000000180025095e-35 8.7500000000000018 0.18696791755398803 1.0000000180025095e-35 5.5500000000000007 3.5000000000000004 1.6711711711711714 0.90000000000000013 1.0000000180025095e-35 1.5763403263403266 9.8500000000000032 0 0.42641500524968418 0.36738396898630493 2.5000000000000004 0.63333333333333341 0.33809523809523817
decision_type=10 10 8 2 10 2 2 8 2 10 10 10 10 10 2 2 10 2 8 10 10 10 10 2 1 2 2 8 10 10
left_child=2 4 10 12 9 11 13 -8 -6 22 29 20 -3 -4 -9 -11 -7 27 -14 -10 -5 -15 -2 -18 -20 -24 -16 -13 -12 -1
right_child=1 3 6 5 8 16 7 14 19 15 28 17 18 21 26 -17 23 -19 24 -21 -22 -23 25 -25 -26 -27 -28 -29 -30 -31
leaf_value=-0.024764600254801913 0.0014065188808859068 0.016950538942674908 -0.014079256344713034 0.025795607593676263 0.016353602779141736 0.03385246573463082 -0.0040205428520878328 0.014450648164943252 0.024708876369643619 0.0081629870259612158 -0.012967395720847886 0.053377381687547715 0.043882183296773097 -0.0078927256846212102 0.022747529470652807 0.036661316323179122 0.070843371238976299 0.059618973002356856 0.014908447316418447 0.037811940789390035 0.049716959487977393 0.0089312873189605034 0.0067297831199304827 0.094773236220552379 0.033418691535878363 0.022382172486396925 0.094475913842091641 0.037449069312524785 0.019986205578441323 -0.01919349398020485
leaf_weight=74660 10311 3745 10643 2666 9848 300 7023 5368 5986 1195 6867 3006 4229 4361 128 2179 1716 5605 1693 7492 1590 3238 4244 1377 4962 2586 187 3079 353 12223
leaf_count=74660 10311 3745 10643 2666 9848 300 7023 5368 5986 1195 6867 3006 4229 4361 128 2179 1716 5605 1693 7492 1590 3238 4244 1377 4962 2586 187 3079 353 12223
internal_value=-3.72163e-05 0.0288322 -0.0180003 0.0429985 0.0178561 0.0527416 -0.00276052 0.0055024 0.0253899 0.00928998 -0.0230122 0.0475193 0.0301186 -0.00851585 0.0172708 0.0265678 0.0772843 0.0521747 0.0346494 0.0319925 0.0347324 -0.000723867 0.00588904 0.0814969 0.0287824 0.0126561 0.0653291 0.0453177 -0.0113562 -0.0239808
internal_weight=202860 77809 125051 33968 43841 19339 30948 12706 23326 20515 94103 15946 14629 18242 5683 3374 3393 11690 10884 13478 4256 7599 17141 3093 6655 6830 315 6085 7220 86883
internal_count=202860 77809 125051 33968 43841 19339 30948 12706 23326 20515 94103 15946 14629 18242 5683 3374 3393 11690 10884 13478 4256 7599 17141 3093 6655 6830 315 6085 7220 86883
cat_boundaries=0 1
cat_threshold=2
is_linear=0
shrinkage=0.03


Tree=13
num_leaves=31
num_cat=2
split_feature=1 3 9 36 0 24 38 0 24 9 0 7 0 3 37 24 9 24 3 41 29 10 41 24 0 17 10 17 28 26
split_gain=110773 12958.2 10487.1 3626.22 3617.26 2292.42 1838.13 1756.43 1598.53 1375.22 1065.13 906.323 857.343 849.514 842.857 822.409 677.113 670.582 622.605 606.897 589.842 577.363 513.18 508.682 489.022 462.302 461.239 422.368 412.859 409.823
threshold=0.83333333333333337 2.8449519230769238 4.1000000000000005 1.4072926602991351 1.5000000000000002 9.7500000000000018 0.22551349105123256 1.0000000180025095e-35 5.8500000000000005 63.63333333333334 1.5000000000000002 4.955000000000001 1.5000000000000002 1.6933760683760686 1.402570825753596 6.2500000000000009 63.100000000000009 10.550000000000002 0.12310606060606062 0 3.5000000000000004 0.90000000000000013 1 4.5500000000000007 1.0000000180025095e-35 8.4500000000000011 1.0000000180025095e-35 3.6333333333333337 1.0000000180025095e-35 11.583341987935325
decision_type=10 10 8 2 10 2 2 8 2 10 10 10 10 10 2 2 10 2 10 1 8 10 1 2 10 10 10 10 2 10
left_child=2 4 18 12 9 10 25 16 13 24 21 19 -3 23 -11 -12 -4 -10 -1 27 -14 -5 -22 26 -2 -6 -9 -8 -7 -26
right_child=1 3 7 5 6 28 11 8 17 14 15 -13 20 -15 -16 -17 -18 -19 -20 -21 22 -23 -24 -25 29 -27 -28 -29 -30 -31
leaf_value=-0.024228313223082276 -0.0032050038177815002 0.018476719045942912 -0.01079631351785933 0.026657057339705286 0.012197750109383723 0.072111096211296855 0.013468094234202452 -0.014286766403264334 0.025144642593185936 0.030176642271809509 0.047828859444994085 0.051591893408189128 0.045195857360889054 0.021087667792364713 0.010470944405431105 0.064728654618603151 0.011709760302027989 0.12681433866452424 -0.018430450890397139 0.036625266429324829 0.014719489014336361 0.051832486812679185 0.035579428872710005 0.0043196622146682616 0.0050470486984966869 0.024891197597672197 0.0037334912406044442 0.028997233145482595 0.1032245981757664 0.020391595410612338
leaf_weight=68650 5115 3086 17861 2287 7095 732 2372 4045 2171 3733 6473 2005 4160 1555 4098 4322 1290 60 22015 6551 1468 1278 4349 5127 7280 4060 1869 4699 807 1996
leaf_count=68650 5115 3086 17861 2287 7095 732 2372 4045 2171 3733 6473 2005 4160 1555 4098 4322 1290 60 22015 6551 1468 1278 4349 5127 7280 4060 1869 4699 807 1996
internal_value=5.06389e-05 0.0280979 -0.0174933 0.0440069 0.0186955 0.053629 0.02612 -0.00327869 0.00447319 0.00974754 0.0498997 0.0327603 0.0322958 0.000327577 0.0198646 0.054595 -0.00928032 0.0278789 -0.0228205 0.0299885 0.0365702 0.0356821 0.0304016 -0.00259625 0.00424227 0.0168177 -0.00859183 0.0237543 0.088426 0.00834887
internal_weight=202609 77966 124643 28962 49004 15899 26782 33978 14827 22222 14360 15627 13063 12596 7831 10795 19151 2231 90665 13622 9977 3565 5817 11041 14391 11155 5914 7071 1539 9276
internal_count=202609 77966 124643 28962 49004 15899 26782 33978 14827 22222 14360 15627 13063 12596 7831 10795 19151 2231 90665 13622 9977 3565 5817 11041 14391 11155 5914 7071 1539 9276
cat_boundaries=0 1 2
cat_threshold=4 2
is_linear=0
shrinkage=0.03


Tree=14
num_leaves=31
num_cat=0
split_feature=8 3 8 24 0 37 37 24 36 8 3 8 8 24 3 0 24 3 37 0 0 24 38 8 0 8 3 37 17 29
split_gain=105844 13319.4 8201.58 4839.55 3643.61 2257.96 1930.88 1699.71 1457.3 1351.31 1181.87 991.325 980.201 871.856 760.807 681.155 649.61 636.162 614.967 550.855 528.767 528.568 509.753 468.695 454.085 439.727 437.357 428.95 382.438 371.927
threshold=25.166666666666668 2.5469208211143699 0.41666666666666669 6.7500000000000009 1.0000000180025095e-35 1.6405866913008618 1.5664639752124605 5.7500000000000009 1.9408042762192059 61.166666666666679 1.5469208211143697 78.166666666666671 74.833333333333357 10.550000000000002 5.1449579831932786 1.0000000180025095e-35 4.5500000000000007 0.44636015325670503 1.1862362892754532 1.0000000180025095e-35 1.0000000180025095e-35 6.2500000000000009 0.33457599431413038 82.833333333333357 1.5000000000000002 79.166666666666671 1.6233108108108112 2.1090901779039295 21.225000000000005 2.5000000000000004
decision_type=10 10 8 2 10 2 2 2 2 10 10 10 10 2 10 8 2 10 2 10 8 2 2 10 10 10 8 2 10 10
left_child=2 4 17 5 12 9 10 16 11 19 23 -5 -2 15 29 -9 -4 -1 -14 -3 -18 25 28 -6 -7 -12 -17 -8 -11 -10
right_child=1 3 7 8 6 24 27 13 14 22 21 -13 18 -15 -16 26 20 -19 -20 -21 -22 -23 -24 -25 -26 -27 -28 -29 -30 -31
leaf_value=-0.02320181214211476 -0.0030571315819447839 0.0095988680698159759 -0.012860864388340158 0.03344722301602774 0.014344732069056627 0.0082810772947880928 0.015548554271392543 -0.0050342161085391293 0.072822071740625077 0.036212429478583386 0.023523326648867103 0.061429870647107893 0.056235392934195792 0.10178673733535566 0.094364580700025139 0.005655416290136427 -0.010264861050658774 -0.016403079628554338 0.012070879121177514 0.032384878645230097 0.0022306464995324681 0.048922451684518704 0.049969653333481023 0.029698260852134138 0.024757557970503819 0.035580495285723372 0.027345031468229492 0.004415401393856459 0.052662450253387796 0.045238723698462692
leaf_weight=78114 9350 1472 10098 1948 7382 2076 8447 1768 1515 7566 5264 2745 373 95 1239 1480 5021 14721 1186 2718 7756 1470 6519 2362 5477 5638 1925 4934 1529 620
leaf_count=78114 9350 1472 10098 1948 7382 2076 8447 1768 1515 7566 5264 2745 373 95 1239 1480 5021 14721 1186 2718 7756 1470 6519 2362 5477 5638 1925 4934 1529 620
internal_value=1.47905e-06 0.0263532 -0.017823 0.0402063 0.0157785 0.0341849 0.0204386 -0.00363606 0.0606262 0.0395076 0.0258811 0.0498147 0.000614876 0.0117271 0.0756642 0.0100732 -0.00717412 -0.0221237 0.0226375 0.0243799 -0.00267973 0.0320357 0.0435671 0.0180665 0.0202289 0.0297587 0.0179175 0.0114434 0.0389779 0.0648119
internal_weight=202808 81830 120978 35424 46406 27357 35497 28143 8067 19804 22116 4693 10909 5268 3374 5173 22875 92835 1559 4190 12777 12372 15614 9744 7553 10902 3405 13381 9095 2135
internal_count=202808 81830 120978 35424 46406 27357 35497 28143 8067 19804 22116 4693 10909 5268 3374 5173 22875 92835 1559 4190 12777 12372 15614 9744 7553 10902 3405 13381 9095 2135
is_linear=0
shrinkage=0.03


Tree=15
num_leaves=31
num_cat=2
split_feature=8 8 3 24 39 39 24 8 8 24 0 0 3 0 24 0 0 0 38 41 39 38 24 39 3 41 17 17 7 24
split_gain=99586.4 11661.6 10104.9 4460.61 2286.03 2091.17 2079.27 1630.52 1188.38 1143.77 1027.3 942.899 926.822 886.611 660.854 656.15 655.253 620.457 584.164 574.983 557.861 541.845 505.154 495.862 438.637 370.414 365.641 364.397 356.192 355.571
threshold=30.833333333333339 3.4166666666666674 2.5847701149425295 6.9500000000000011 0.33138073110030902 0.228017100192455 5.4500000000000011 78.416666666666671 78.416666666666671 9.8500000000000032 1.0000000180025095e-35 1.0000000180025095e-35 0.31909090909090915 1.0000000180025095e-35 7.0500000000000007 1.0000000180025095e-35 1.0000000180025095e-35 1.0000000180025095e-35 0.11447770359060526 0 0.39560810142339936 0.39150348878364355 6.5500000000000007 0.5177867058984168 1.5638586956521741 1 8.4500000000000011 22.225000000000005 7.3225000000000007 10.950000000000001
decision_type=10 8 10 2 2 2 2 10 10 2 10 10 10 8 2 10 10 10 2 1 2 2 2 2 10 1 10 10 10 2
left_child=1 12 4 5 10 19 11 15 16 17 -2 -3 -1 -8 -15 -6 -7 -5 25 -4 -11 27 -17 -19 -13 -12 -20 -10 -9 -16
right_child=2 6 3 9 7 8 13 28 21 20 18 24 -14 14 29 22 -18 23 26 -21 -22 -23 -24 -25 -26 -27 -28 -29 -30 -31
leaf_value=-0.02250234324027419 -0.0034550480034633312 -0.0097822728213345228 0.0058503005769824064 0.018266892017187696 0.0057876843669205265 0.0091005834052120572 -0.0011662213421278569 0.035031569565496648 0.038494795421432366 0.044699919075427592 -0.0073870534787961132 -0.00080919954975446063 -0.015341808197315484 0.013950557761661131 0.034798116367972483 0.019583563487672723 0.033180478399536396 0.047855835717828303 0.013513420926833808 0.025504780898169026 0.090780801538848932 0.054630130259716546 0.04130084655114187 0.067295348880648739 0.015182038002775042 0.011083666730189214 0.024359192128815554 0.054064827561211143 0.077749396997271111 0.10231530830860137
leaf_weight=76550 3755 13978 1976 390 2894 1278 2961 7310 9373 284 1561 7425 20659 4722 1097 8109 4981 2347 8418 4294 1412 3287 1094 2377 1949 2582 4190 1581 180 75
leaf_count=76550 3755 13978 1976 390 2894 1278 2961 7310 9373 284 1561 7425 20659 4722 1097 8109 4981 2347 8418 4294 1412 3287 1094 2377 1949 2582 4190 1581 180 75
internal_value=5.33089e-05 -0.015797 0.0278964 0.0400367 0.0177283 0.0345219 -0.000151724 0.025058 0.039159 0.0617151 0.0107272 -0.00484563 -0.0209806 0.0122268 0.0189552 0.0182472 0.0282637 0.0546349 0.0139063 0.0193606 0.0830644 0.0439476 0.0221652 0.0576373 0.00251563 0.00413319 0.0171178 0.040742 0.0360582 0.0391188
internal_weight=203089 129416 73673 33580 40093 26770 32207 19587 20500 6810 20506 23352 97209 8855 5894 12097 6259 5114 16751 6270 1696 14241 9203 4724 9374 4143 12608 10954 7490 1172
internal_count=203089 129416 73673 33580 40093 26770 32207 19587 20500 6810 20506 23352 97209 8855 5894 12097 6259 5114 16751 6270 1696 14241 9203 4724 9374 4143 12608 10954 7490 1172
cat_boundaries=0 1 2
cat_threshold=2 2
is_linear=0
shrinkage=0.03


Tree=16
num_leaves=31
num_cat=0
split_feature=8 3 8 24 37 0 8 36 24 0 24 37 8 0 24 37 0 0 3 8 8 3 3 24 8 24 37 39 22 7
split_gain=94787.6 11101.5 8111.19 5618.53 2565.63 1972.41 1905.97 1834.41 1746.4 1198.33 1173.86 949.584 806.214 769.67 725.565 630.237 617.734 546.158 490.686 458.568 443.201 430.008 402.554 383.148 376.729 342.287 337.245 335.33 323.326 322.875
threshold=28.416666666666668 1.9864864864864866 1.0000000180025095e-35 6.2500000000000009 1.6405866913008618 1.0000000180025095e-35 78.833333333333357 1.7210786101923554 4.8500000000000005 1.0000000180025095e-35 9.8500000000000032 1.402570825753596 82.833333333333357 1.0000000180025095e-35 7.3500000000000005 1.1113781509841478 1.5000000000000002 1.0000000180025095e-35 0.70479302832244028 77.833333333333357 82.833333333333357 1.5763403263403266 0.69098143236074283 11.450000000000001 87.833333333333357 5.3500000000000005 1.1285733926672508 0.14615655127238772 1.0000000180025095e-35 5.9450000000000012
decision_type=10 10 8 2 2 10 10 2 2 8 2 2 10 10 2 2 10 10 10 10 10 8 10 2 10 2 2 2 10 10
left_child=2 5 18 4 6 24 13 12 22 -10 17 20 -5 -3 21 -8 -6 -9 -1 -12 25 -11 -4 -16 -2 -7 -26 -18 -13 -15
right_child=1 3 8 7 16 11 15 10 9 14 19 28 -14 29 23 -17 27 -19 -20 -21 -22 -23 -24 -25 26 -27 -28 -29 -30 -31
leaf_value=-0.021718508066163579 -0.0036679963930471111 0.0088728605614514424 -0.014390414803151921 0.029477265841264495 0.0060510246278222303 0.014037356400803966 0.046802816190639009 0.026084888416045292 -0.0073135430968513972 0.00091581703809869616 0.065952378501016526 0.0086644975505209779 0.051638603931203161 0.026187571473153506 0.03001051888722827 0.03495202596475698 0.013811200361547125 0.060236172497558235 -0.014845633064180809 0.10286768311213156 0.031608679831412675 0.013439664008732671 -0.0038943149205043887 0.11311480401540702 0.061701985918321545 0.027450128016976376 0.0093379773037000121 0.026545105193671523 0.031938934161863497 0.048804834962143474
leaf_weight=80939 7188 2519 9802 3027 3475 5361 6910 467 6161 5163 483 10912 2886 6551 862 9720 3167 4321 10570 812 3168 4726 4949 53 133 2516 660 4514 565 622
leaf_count=80939 7188 2519 9802 3027 3475 5361 6910 467 6161 5163 483 10912 2886 6551 862 9720 3167 4321 10570 812 3168 4726 4949 53 133 2516 660 4514 565 622
internal_value=0.000113573 0.0255467 -0.0163934 0.034323 0.0286033 0.011312 0.0337134 0.0521926 -0.0033194 0.00324489 0.063759 0.0158533 0.0402937 0.0231389 0.00926586 0.0398762 0.0165464 0.0569052 -0.0209246 0.0890993 0.0221326 0.00690102 -0.0108689 0.0348242 -0.00150309 0.0183215 0.0181203 0.0212947 0.00981027 0.0281488
internal_weight=203202 79977 123225 49474 37478 30503 26322 11996 31716 16965 6083 22522 5913 9692 10804 16630 11156 4788 91509 1295 11045 9889 14751 915 7981 7877 793 7681 11477 7173
internal_count=203202 79977 123225 49474 37478 30503 26322 11996 31716 16965 6083 22522 5913 9692 10804 16630 11156 4788 91509 1295 11045 9889 14751 915 7981 7877 793 7681 11477 7173
is_linear=0
shrinkage=0.03


Tree=17
num_leaves=31
num_cat=2
split_feature=1 7 7 3 37 26 9 37 7 37 7 3 38 9 22 3 38 38 38 38 3 28 41 1 33 26 41 3 26 33
split_gain=87852.8 10898.1 8377.61 4273.14 2556.69 2447.41 1260.89 1076.06 983.796 817.344 724.606 693.463 662.926 547.881 540.954 519.063 517.612 468.457 462.195 447.984 421.509 414.284 321.845 307.467 278.192 376.957 274.739 268.317 262.893 252.628
threshold=0.83333333333333337 4.7550000000000017 0.12000000000000002 1.819805194805195 1.4942766613152714 12.711550494807712 87.450000000000017 1.4586691430680594 0.9900000000000001 1.5720108273132307 1.4100000000000004 5.1449579831932786 0.22989238079605304 68.100000000000009 0.36666666666666675 0.12310606060606062 0.2243032116004354 0.37108552526488553 0.13722037411596619 0.41975206006981119 3.1449579831932777 1.0000000180025095e-35 0 1.0000000180025095e-35 0.55000000000000016 9.4254920725479518 1 0.93440860215053767 13.890004205722564 2.7750000000000004
decision_type=10 10 8 10 2 10 10 2 8 2 10 10 2 10 10 10 2 2 2 2 10 2 1 10 10 10 1 10 10 10
left_child=2 3 15 10 6 12 20 11 23 13 -2 29 -3 19 18 -1 -12 -8 -6 24 -5 -13 -18 -4 -10 -26 -9 -25 -23 -7
right_child=1 5 8 4 14 7 17 26 9 -11 16 21 -14 -15 -16 -17 22 -19 -20 -21 -22 28 -24 27 25 -27 -28 -29 -30 -31
leaf_value=-0.02152641250848638 0.0022089673351347429 0.023926673862818586 -0.01395378407996334 0.023000061197772786 0.0046731224873823784 0.052954528812009329 0.036080278595081977 0.014709329895403741 0.009137736694095842 -0.0067311479932763464 0.0069287309510742915 0.061683120910975227 0.040673420028267772 0.027723632421721427 0.030038980677246269 -0.016210646404634252 0.012067523301539944 0.051224928636893687 0.017342378116178701 0.017402535999885328 0.034886051406473759 0.061673209787566553 0.023250769635457077 -0.0086708526673077487 -0.013428369329995252 0.0030341545630338832 0.043402117774967601 0.0014763283149454591 0.095005149505593439 0.075300044204915345
leaf_weight=69034 8399 3580 5571 9970 4240 4181 5692 388 2996 6376 7140 1036 5243 1010 1831 21738 4776 2715 6666 2010 3675 275 4668 6915 1821 4005 2218 3549 944 511
leaf_count=69034 8399 3580 5571 9970 4240 4181 5692 388 2996 6376 7140 1036 5243 1010 1831 21738 4776 2715 6666 2010 3675 275 4668 6915 1821 4005 2218 3549 944 511
internal_value=0.000113501 0.0250655 -0.015483 0.0188538 0.0256512 0.0452706 0.0318321 0.0557923 -0.00284117 0.00192873 0.00938824 0.0619591 0.0338783 0.0065914 0.0149501 -0.0202534 0.0130242 0.0409712 0.0124169 0.00462098 0.0262013 0.0756314 0.0176326 -0.00826043 0.00170884 -0.00211144 0.0393531 -0.00522931 0.0874856 0.0553882
internal_weight=203173 78148 125025 59772 34789 18376 22052 9553 34253 18218 24983 6947 8823 11842 12737 90772 16584 8407 10906 10832 13645 2255 9444 16035 8822 5826 2606 10464 1219 4692
internal_count=203173 78148 125025 59772 34789 18376 22052 9553 34253 18218 24983 6947 8823 11842 12737 90772 16584 8407 10906 10832 13645 2255 9444 16035 8822 5826 2606 10464 1219 4692
cat_boundaries=0 1 2
cat_threshold=4 2
is_linear=0
shrinkage=0.03


Tree=18
num_leaves=31
num_cat=0
split_feature=8 3 8 39 8 39 3 3 7 3 38 39 36 8 3 26 29 12 39 7 27 38 7 8 3 40 12 29 7 38
split_gain=83381.6 10136.2 7233.89 3119.08 2893.49 1528.18 1393.16 1378.66 931.273 920.462 781.207 759.548 676.453 638.079 577.667 501.001 428.382 428.299 401.971 367.54 346.333 300.376 297.006 294.068 292.075 289.901 289.136 287.192 286.77 285.524
threshold=28.416666666666668 2.9272486772486777 0.83333333333333337 0.46827467770221809 76.166666666666671 0.26445601287424347 4.58477011494253 1.6376262626262628 6.0100000000000016 0.91945945945945962 0.14380626402200472 0.48191274238623633 1.6113336594175804 78.833333333333357 0.44636015325670503 12.297002792431943 2.5000000000000004 0.54700000000000015 0.25385547215659876 6.5900000000000025 -128467.49999999999 0.082324097433060919 4.4633333333333347 89.833333333333357 1.9272486772486774 362.315 0.04590000000000001 3.5000000000000004 8.2100000000000026 0.14380626402200472
decision_type=10 8 8 2 10 2 10 8 10 8 2 2 2 10 10 10 10 10 2 10 10 2 10 10 10 2 10 8 10 2
left_child=2 4 14 8 7 21 16 18 10 -4 -3 29 -11 -12 -1 -7 22 28 -2 -17 -15 -6 23 25 -14 -5 -13 -10 -8 -9
right_child=1 3 9 6 5 15 17 11 27 12 13 26 24 20 -16 19 -18 -19 -20 -21 -22 -23 -24 -25 -26 -27 -28 -29 -30 -31
leaf_value=-0.020578236921445555 -0.0017097131665081472 0.011395183337368707 -0.0089222383115343876 0.028751476132042441 0.0010672718782430608 0.027743066063355682 0.056905557388336248 0.0036058216032418939 0.050340713920178824 -0.0021601066469203222 0.018313976067020687 0.024267554784628477 0.0063997179505538822 0.087850459626548583 -0.014177040051695136 0.038527003605487192 0.032903200699258894 0.11142371012095632 0.0079610791879081398 0.077197138925285611 0.034382216717290776 0.017005578092223809 0.056239883150625697 0.050844386162581266 0.022112154865022403 0.084066133251884487 0.044488255783498028 0.034937751660504772 0.074813232895847098 0.015643996751786255
leaf_weight=78401 5865 2634 12196 1355 1259 9757 2087 2328 2007 12155 2904 3400 4070 111 15138 2971 2360 179 11362 239 6142 6878 2351 1620 1442 91 783 2383 1310 7441
leaf_count=78401 5865 2634 12196 1355 1259 9757 2087 2328 2007 12155 2904 3400 4070 111 15138 2971 2360 179 11362 239 6142 6878 2351 1620 1442 91 783 2383 1310 7441
internal_value=1.64996e-05 0.0239104 -0.0154382 0.0386423 0.0161521 0.0247304 0.0506967 0.0103458 0.0301845 -0.0025831 0.025793 0.0173556 0.00179297 0.0299346 -0.0195423 0.0311254 0.0435705 0.0661947 0.00466862 0.0414062 0.0353314 0.0145395 0.0482179 0.0420666 0.0105103 0.0322326 0.0280526 0.0419796 0.0638114 0.0127752
internal_weight=203219 79817 123402 27534 52283 21104 11353 31179 16181 29863 11791 13952 17667 9157 93539 12967 7777 3576 17227 3210 6253 8137 5417 3066 5512 1446 4183 4390 3397 9769
internal_count=203219 79817 123402 27534 52283 21104 11353 31179 16181 29863 11791 13952 17667 9157 93539 12967 7777 3576 17227 3210 6253 8137 5417 3066 5512 1446 4183 4390 3397 9769
is_linear=0
shrinkage=0.03


Tree=19
num_leaves=31
num_cat=2
split_feature=8 3 8 39 0 24 24 37 0 26 8 26 41 37 25 24 8 0 8 40 39 5 0 41 3 3 39 3 24 23
split_gain=78755.1 9774.6 6945.6 3705.81 2922.72 2328.52 1656.74 1361.87 1139.24 1032.3 821.049 698.45 685.624 615.086 589.295 583.902 581.739 576.542 573.292 511.038 504.593 489.94 462.895 438.105 434.682 397.722 371.285 364.888 335.102 306.246
threshold=28.416666666666668 2.5469208211143699 1.0000000180025095e-35 0.36687004660521216 1.0000000180025095e-35 8.7500000000000018 4.9500000000000011 1.2274104112024995 1.5000000000000002 10.902279505752452 77.833333333333357 12.404890714131371 0 1.9305267145465776 1.0000000180025095e-35 6.2500000000000009 80.833333333333357 1.0000000180025095e-35 74.833333333333357 241.4250000000001 0.21729194552652412 11.450000000000001 1.0000000180025095e-35 1 0.63484848484848488 1.5931712962962965 0.35975309550754647 0.67117117117117131 6.2500000000000009 6.366666666666668
decision_type=10 10 8 2 10 2 2 2 10 8 10 10 1 2 10 2 10 10 10 2 2 10 8 1 10 10 2 10 2 10
left_child=2 4 24 10 18 8 27 11 16 -8 17 21 20 25 -7 29 -5 -3 -2 22 -12 -6 -11 -15 -1 -9 -20 -4 -24 -10
right_child=1 3 6 5 7 14 9 13 15 19 12 -13 -14 23 -16 -17 -18 -19 26 -21 -22 -23 28 -25 -26 -27 -28 -29 -30 -31
leaf_value=-0.019924181910127649 -0.0033128622807199496 -0.0054875162164832268 -0.012774206057428622 0.019295387433591955 0.018253335109098059 0.05981691198564832 -0.0031993412401714835 0.011816308327799552 0.038912868714555723 -0.0046696472171143706 0.0049240414434891253 0.043393968062465406 0.034300440867029852 -0.0035376669387647344 0.090531672451616502 0.054394779821912383 0.040672523571071602 0.019434978313808991 0.0057547392300033064 0.033011349673160439 0.027809189464229698 0.031503791870631487 0.008637705524188773 0.012136156422343206 -0.013652693723557964 0.021555411549266761 0.036413078221292902 -0.0035894990522257249 0.025802608464344335 0.061776705281412658
leaf_weight=79942 8470 1075 10604 2953 6786 1458 7946 7072 8091 1584 1525 1790 6977 2598 915 3891 1872 3748 1019 946 2010 3987 3237 4184 11360 8092 546 6151 1497 564
leaf_count=79942 8470 1075 10604 2953 6786 1458 7946 7072 8091 1584 1525 1790 6977 2598 915 3891 1872 3748 1019 946 2010 3987 3237 4184 11360 8092 546 6151 1497 564
internal_value=9.16472e-05 0.0233476 -0.0149303 0.0351923 0.0140198 0.0437857 -0.00289504 0.0181637 0.0399778 0.00427329 0.0241282 0.0260406 0.0288302 0.0136546 0.0716602 0.0447422 0.0275893 0.01388 -0.000230625 0.0124475 0.0178859 0.0231572 0.00936848 0.00614462 -0.0191439 0.0170134 0.0164509 -0.00940237 0.0140656 0.0404028
internal_weight=202890 79623 123267 35079 44544 19744 31965 34509 17371 15210 15335 12563 10512 21946 2373 12546 4825 4823 10035 7264 3535 10773 6318 6782 91302 15164 1565 16755 4734 8655
internal_count=202890 79623 123267 35079 44544 19744 31965 34509 17371 15210 15335 12563 10512 21946 2373 12546 4825 4823 10035 7264 3535 10773 6318 6782 91302 15164 1565 16755 4734 8655
cat_boundaries=0 1 2
cat_threshold=2 2
is_linear=0
shrinkage=0.03


Tree=20
num_leaves=31
num_cat=2
split_feature=8 8 7 38 24 24 8 8 41 36 0 0 3 38 41 29 0 3 24 25 24 29 3 17 17 24 8 19 3 26
split_gain=74299.8 8770.03 7369.58 3361.38 2255.64 1711.83 1675.67 1464.53 1013.56 907.516 898.313 852.764 769.04 704.452 666.114 661.061 659.39 642.849 560.033 515.221 349.341 337.919 327.891 322.382 304.688 294.258 267.522 265.369 241.696 357.129
threshold=32.166666666666679 4.8333333333333348 4.7550000000000017 0.28855307299938299 6.9500000000000011 5.4500000000000011 87.416666666666671 81.416666666666671 0 1.6962129487071664 1.5000000000000002 1.0000000180025095e-35 0.43050193050193059 0.14380626402200472 1 3.5000000000000004 1.0000000180025095e-35 1.819805194805195 7.7500000000000009 1.0000000180025095e-35 5.3500000000000005 2.5000000000000004 1.9104278074866314 11.633333333333335 7.4500000000000011 4.0500000000000007 78.166666666666671 14.020000000000001 7.0227272727272743 14.934967250590462
decision_type=10 8 10 2 2 2 10 10 1 2 10 10 10 2 1 8 8 10 2 8 2 10 10 10 10 2 10 10 10 10
left_child=1 12 3 7 15 11 17 10 -9 -6 -2 25 -1 -10 -8 20 -7 -5 -18 21 -4 -11 -13 -19 -12 -3 -22 -21 -29 -30
right_child=2 5 4 6 9 16 14 8 13 19 24 22 -14 -15 -16 -17 18 23 -20 27 26 -23 -24 -25 -26 -27 -28 28 29 -31
leaf_value=-0.019208622956677458 0.00047078674971657555 -0.020906860506960549 0.030559669859397242 0.013517595330637254 0.041417591704607855 -0.00045248432199231981 0.020532039985413399 0.033847049791465855 0.0040611925517567236 0.063731217281349797 0.0090666751685432381 0.00070990405487854455 -0.012456714703602007 0.020112549829006815 0.042022722851507079 0.024890054971182306 0.01379601306526348 0.022962490338569626 0.04171346502711918 0.13069548548399648 0.033671757845627724 0.038062520962710587 0.017103938966069151 0.036833635489284908 0.020882952887387243 -0.0072403569700291602 0.049439557524456126 0.069256530826683621 0.067079311615454829 0.1361319335498489
leaf_weight=80064 9415 1613 2655 5706 2462 2770 1671 3436 3524 1299 4579 7909 18735 8156 7125 4976 5178 5285 739 79 1433 716 1275 2110 3439 11725 2987 1362 140 130
leaf_count=80064 9415 1613 2655 5706 2462 2770 1671 3436 3524 1299 4579 7909 18735 8156 7125 4976 5178 5285 739 79 1433 716 1275 2110 3439 11725 2987 1362 140 130
internal_value=3.20249e-05 -0.013549 0.0243238 0.0187949 0.0408283 0.000314487 0.027883 0.0126809 0.0195149 0.0555511 0.00675531 -0.0040491 -0.0179283 0.0152566 0.0380112 0.0332683 0.0116276 0.0210829 0.0172827 0.06489 0.0391609 0.0546102 0.00298586 0.0269203 0.0141348 -0.00889308 0.0443275 0.0769963 0.0743968 0.100327
internal_weight=202693 130008 72685 54446 18239 31209 21897 32549 15116 6188 17433 22522 98799 11680 8796 12051 8687 13101 5917 3726 7075 2015 9184 7395 8018 13338 4420 1711 1632 270
internal_count=202693 130008 72685 54446 18239 31209 21897 32549 15116 6188 17433 22522 98799 11680 8796 12051 8687 13101 5917 3726 7075 2015 9184 7395 8018 13338 4420 1711 1632 270
cat_boundaries=0 1 2
cat_threshold=9 4
is_linear=0
shrinkage=0.03


Tree=21
num_leaves=31
num_cat=2
split_feature=8 7 0 0 38 36 24 22 26 7 24 38 8 26 29 24 38 23 24 26 7 13 41 8 24 21 41 25 17 38
split_gain=68856.4 8544.39 5901.64 3666.3 2619.72 2089.94 1426.5 1394.22 1252.44 1071.83 988.422 982.989 905.228 656.351 583.141 553.204 517.351 480.851 470.784 408.114 370.174 362.968 346.331 339.726 327.742 316.174 303.793 295.717 287.264 280.743
threshold=29.166666666666668 4.6633333333333349 1.0000000180025095e-35 1.0000000180025095e-35 0.30957009794621465 1.4198715159800746 4.5500000000000007 0.45000000000000007 11.709269084645589 1.0000000180025095e-35 9.8500000000000032 0.14555272273998962 55.833333333333336 10.958295974726077 2.5000000000000004 11.450000000000001 0.30506087710026408 4.9000000000000012 5.9500000000000011 12.627819483735417 2.5633333333333339 0.17415100000000003 0 57.166666666666679 6.0500000000000007 1.0000000180025095e-35 1 1.0000000180025095e-35 38.225000000000009 0.44803363223467924
decision_type=10 10 8 10 2 2 2 10 10 10 2 2 10 8 10 2 2 10 2 10 10 10 1 10 2 10 1 8 10 2
left_child=2 3 9 12 7 18 -4 11 23 -1 14 22 -2 -8 19 24 -14 20 -3 28 -13 -21 -5 -6 -15 -12 -25 -27 -7 -10
right_child=1 5 6 4 8 10 13 -9 29 -11 25 17 16 15 -16 -17 -18 -19 -20 21 -22 -23 -24 26 -26 27 -28 -29 -30 -31
leaf_value=-0.018498665530020997 -0.0054631790844559616 0.022870562978265809 -0.010000690284336604 -0.0036720866855866584 0.012936311227335219 0.038700413909718158 0.00079888219461151896 0.032502200719261812 0.034262332940392458 -0.010728048860605393 0.037146884806011124 0.01043502608826277 0.0044997064465630765 0.0085183120766653894 0.034585882697769917 0.11390522913113235 0.024792973063453187 0.03264135709735063 0.037161644700806011 0.053855606582990961 0.018868042443056426 0.084472599420323966 0.0090678684576231371 0.018201504394871861 0.023922308279923438 0.063918896614559337 0.033072753152517904 0.093494713434199087 0.081841095129666669 0.046508398200825758
leaf_weight=84355 7100 5317 6927 3411 2918 2263 6987 3552 6078 19708 206 9156 3514 3716 3247 50 1667 1457 3402 2706 9593 400 4376 2580 1868 672 2584 556 148 2331
leaf_count=84355 7100 5317 6927 3411 2918 2263 6987 3552 6078 19708 206 9156 3514 3716 3247 50 1667 1457 3402 2706 9593 400 4376 2580 1868 672 2584 556 148 2331
internal_value=-0.000192062 0.0216395 -0.014186 0.0161223 0.0198622 0.0392308 0.000938367 0.0147966 0.0295518 -0.017027 0.048451 0.01255 0.00149445 0.00694224 0.044673 0.0145609 0.0110291 0.0160399 0.0284467 0.0506097 0.0147498 0.0577986 0.00349422 0.0211186 0.0136714 0.0715403 0.0257422 0.0773099 0.0413486 0.037657
internal_weight=202845 79234 123611 60317 48036 18917 19548 31545 16491 104063 10198 27993 12281 12621 8764 5634 5181 20206 8719 5517 18749 3106 7787 8082 5584 1434 5164 1228 2411 8409
internal_count=202845 79234 123611 60317 48036 18917 19548 31545 16491 104063 10198 27993 12281 12621 8764 5634 5181 20206 8719 5517 18749 3106 7787 8082 5584 1434 5164 1228 2411 8409
cat_boundaries=0 1 2
cat_threshold=2 4
is_linear=0
shrinkage=0.03


Tree=22
num_leaves=31
num_cat=2
split_feature=8 8 24 8 38 8 24 0 36 3 36 41 0 0 3 24 24 17 25 37 26 38 0 29 38 38 41 8 18 3
split_gain=65150.3 7915.56 7013.78 3465.98 1994.69 1913.14 1462.26 1423.31 859.146 846.167 806.221 763.774 713.071 682.769 667.864 646.745 502.219 472.669 461.122 454.536 407.41 370.656 360.284 345.092 338.883 307.953 329.164 296.73 288.823 273.958
threshold=32.166666666666679 5.8333333333333348 6.0500000000000007 77.833333333333357 0.1739878583662198 80.416666666666671 5.1500000000000012 1.5000000000000002 1.7853837643335537 0.661904761904762 1.9088958930141973 0 1.0000000180025095e-35 1.0000000180025095e-35 2.101724137931035 11.250000000000002 7.8500000000000005 17.100000000000005 0.15000000000000038 1.1991187843429254 11.90755204732967 0.24790062189592715 4.5000000000000009 2.5000000000000004 0.35318515735912842 0.29154685386266121 1 57.166666666666679 8.1225000000000023 1.7257053291536051
decision_type=10 8 2 10 2 10 2 10 2 10 2 1 8 10 8 2 2 10 10 2 10 2 10 8 2 2 1 10 10 10
left_child=1 9 3 7 11 10 13 19 -7 -1 22 -5 24 -3 25 20 -10 21 -12 27 -14 -9 -4 -16 -8 -6 -27 -2 -18 -15
right_child=2 6 5 4 14 8 12 17 16 -11 18 -13 15 29 23 -17 28 -19 -20 -21 -22 -23 -24 -25 -26 26 -28 -29 -30 -31
leaf_value=-0.017863612041822626 0.0036995883597919057 -0.008809175442318809 0.018608390565703823 0.0027569198182255568 0.015952597771038073 0.043306895513930757 -0.0074967672879085916 0.009088810586189754 0.052962659276279113 -0.010108463033112617 0.040058534985700021 0.020695781990661345 0.010774713916345154 0.00044309552993882965 0.037997665190921501 0.1063049627840519 0.14115815863257547 0.031779724461787104 0.087602340822784119 -0.00034999568413937099 0.029449625128263039 0.020570086174794226 0.037913637169329412 0.029037138212032371 0.011071197358308778 0.015235777601626362 0.035407196469043827 0.018737469651969148 0.074451191663592042 0.016460016893114122
leaf_weight=85526 2414 11475 3633 4048 3955 4034 2524 4884 1630 14863 2699 4542 6039 5930 6358 69 61 1785 197 9395 1273 5252 1144 9878 1362 1186 2131 2312 1379 1147
leaf_count=85526 2414 11475 3633 4048 3955 4034 2524 4884 1630 14863 2699 4542 6039 5930 6358 69 61 1785 197 9395 1273 5252 1144 9878 1362 1186 2131 2312 1379 1147
internal_value=3.02084e-05 -0.0126841 0.0227342 0.0180435 0.0246412 0.0411898 0.000887754 0.00991146 0.0524082 -0.0167154 0.0308032 0.0122695 0.00941245 -0.00428946 0.029162 0.0148886 0.0643674 0.0175447 0.0432927 0.00346743 0.014026 0.0150379 0.0232316 0.0325461 -0.000988901 0.0216063 0.0283475 0.0110562 0.077277 0.00303903
internal_weight=203125 130208 72917 58140 32098 14777 29819 26042 7104 100389 7673 8590 11267 18552 23508 7381 3070 11921 2896 14121 7312 10136 4777 16236 3886 7272 3317 4726 1440 7077
internal_count=203125 130208 72917 58140 32098 14777 29819 26042 7104 100389 7673 8590 11267 18552 23508 7381 3070 11921 2896 14121 7312 10136 4777 16236 3886 7272 3317 4726 1440 7077
cat_boundaries=0 1 2
cat_threshold=2 4
is_linear=0
shrinkage=0.03


Tree=23
num_leaves=31
num_cat=0
split_feature=8 3 8 7 37 0 24 8 24 26 37 0 0 39 24 38 38 38 0 24 1 3 22 8 8 39 3 26 38 14
split_gain=61200.6 7774.19 4775.01 3948.71 2079.53 1603.98 1310.64 1143.18 1115.89 820.29 739.458 652.031 596.12 594.494 522.851 452.031 433.933 427.916 418.622 364.186 351.371 345.36 318.757 305.031 291.12 284.413 271.968 270.393 269.914 258.766
threshold=25.166666666666668 1.9864864864864866 1.0000000180025095e-35 5.8900000000000015 1.4942766613152714 1.0000000180025095e-35 9.8500000000000032 82.833333333333357 4.8500000000000005 10.958295974726077 1.3943082793482917 1.0000000180025095e-35 1.0000000180025095e-35 0.49817244709210012 6.2500000000000009 0.37108552526488553 0.30752468660312859 0.13722037411596619 1.5000000000000002 10.550000000000002 2.5833333333333335 0.49324324324324331 1.9000000000000001 75.166666666666671 74.833333333333357 0.35975309550754647 0.77346041055718484 10.694838449790241 0.41397446889208284 0.32366666666666671
decision_type=10 10 8 10 2 10 2 10 2 8 2 10 10 2 2 2 2 2 10 2 10 10 10 10 10 2 10 10 2 10
left_child=2 5 21 4 7 24 13 11 26 -10 20 -3 23 -5 -13 29 -11 -14 -15 -18 27 -1 -12 -6 -2 -26 -4 -7 -16 -9
right_child=1 3 8 6 12 10 -8 15 9 16 22 14 17 18 28 -17 19 -19 -20 -21 -22 -23 -24 -25 25 -27 -28 -29 -30 -31
leaf_value=-0.017797222858339262 -0.0048265773890456961 0.0089812482093859815 -0.011986880941752941 0.033518173843985297 -0.0088289938049503393 0.010185070003763329 0.069827072038048416 0.029706528833118903 -0.0036551594121098834 0.0027458218290524116 0.00638581954523242 0.020985795115398841 0.0091372309391368513 0.025320833463073046 0.030071878639336538 0.042241795053101251 0.016364294602921048 0.02063430613706347 0.053877961218887868 0.080772550834549803 0.026400999517297869 -0.012578072172145882 0.035128594841786938 0.019363586976266417 0.0011194069400429724 0.033559004667098637 -0.0027373020358029457 0.021229236491952071 0.05101277391219057 0.071264953548564533
leaf_weight=77869 7461 2870 10079 5873 1424 4918 1466 8569 9051 3468 11567 6632 4775 551 1642 4308 3216 7474 2860 81 3178 13370 358 456 750 360 3995 3357 836 137
leaf_count=77869 7461 2870 10079 5873 1424 4918 1466 8569 9051 3468 11567 6632 4775 551 1642 4308 3216 7474 2860 81 3178 13370 358 456 750 360 3995 3357 836 137
internal_value=-8.33103e-05 0.0199611 -0.0136232 0.0273624 0.0229375 0.00840745 0.0434662 0.0281377 -0.00321651 0.00225151 0.0124775 0.0214506 0.0137383 0.0393036 0.025379 0.0342935 0.0101541 0.0161524 0.049265 0.0179467 0.0179219 -0.0170324 0.00724871 -0.00199079 -0.002694 0.0116404 -0.00936133 0.0146655 0.0371367 0.0303605
internal_weight=202951 81822 121129 49873 39123 31949 10750 24994 29890 15816 23378 11980 14129 9284 9110 13014 6765 12249 3411 3297 11453 91239 11925 1880 8571 1110 14074 8275 2478 8706
internal_count=202951 81822 121129 49873 39123 31949 10750 24994 29890 15816 23378 11980 14129 9284 9110 13014 6765 12249 3411 3297 11453 91239 11925 1880 8571 1110 14074 8275 2478 8706
is_linear=0
shrinkage=0.03


Tree=24
num_leaves=31
num_cat=3
split_feature=8 3 0 24 38 8 0 24 0 3 36 38 24 41 3 0 24 41 38 36 41 40 0 29 8 8 39 40 12 38
split_gain=58270.5 7106.32 4992.48 3297.17 1741.06 1419.81 1250.49 1239.63 1103.67 907.161 811.606 671.758 585.474 529.812 493.583 471.215 437.84 402.855 400.536 393.4 346.824 336.51 333.172 332.221 330.622 327.765 287.017 432.602 285.507 283.402
threshold=28.416666666666668 1.9864864864864866 1.0000000180025095e-35 6.2500000000000009 0.1739878583662198 80.166666666666671 1.0000000180025095e-35 4.5500000000000007 1.5000000000000002 0.70479302832244028 1.7362524804913437 0.17640452861717307 10.950000000000001 0 1.5638586956521741 1.0000000180025095e-35 9.3500000000000032 1 0.32475699862437712 3.0192413339476554 2 187.23499999999993 1.0000000180025095e-35 2.5000000000000004 78.166666666666671 87.833333333333357 0.78630223834526436 140.46000000000006 0.007510000000000001 0.32896396150084767
decision_type=10 8 8 2 2 10 10 2 10 10 2 2 2 1 8 10 2 1 2 2 1 2 10 10 10 10 2 2 10 2
left_child=2 6 9 4 13 15 25 -4 19 -1 -10 -8 14 -3 -9 -6 -12 -13 20 24 28 -11 -15 -19 -5 -2 27 -18 -7 -27
right_child=1 3 7 8 5 18 11 12 10 21 16 17 -14 22 -16 -17 26 23 -20 -21 -22 -23 -24 -25 -26 29 -28 -29 -30 -31
leaf_value=-0.016776313179487381 -0.0035695579189246999 0.001226842117887461 -0.0091836340146863888 0.017307322991642244 0.006901140238613733 0.020849953540913384 0.0042448906565921395 0.00083089492633492531 0.036921727640263004 -0.010835263194477642 0.048875326954174694 0.010426596591441545 0.093854569698805401 -0.0083140513402947067 0.012873690410810807 0.021369467986068237 0.098321533857961177 0.024529312483292941 0.037121199735000145 0.092789887462372642 0.03789914847625727 0.0015959408237125776 0.018581224432723441 0.012147559453383205 0.0448270499791193 0.0091249243411227338 0.099824791138677246 0.052508806322195858 0.03305353830277552 0.058933018537715445
leaf_weight=86935 7224 3162 6844 2207 2704 5439 6658 6840 4673 14504 3264 7387 69 449 5547 8079 240 5441 7031 73 2446 2266 5400 3040 478 684 231 817 2527 121
leaf_count=86935 7224 3162 6844 2207 2704 5439 6658 6840 4673 14504 3264 7387 69 449 5547 8079 240 5441 7031 73 2446 2266 5400 3040 478 684 231 817 2527 121
internal_value=1.44275e-05 0.0199837 -0.0129366 0.0270384 0.0226337 0.0262989 0.00861942 0.00107341 0.0407259 -0.015544 0.0457041 0.0122428 0.00670919 0.0111527 0.00622376 0.0177413 0.05472 0.0155986 0.0315891 0.0240748 0.0278534 -0.00915553 0.0164884 0.0200674 0.0222066 -0.00154616 0.0695314 0.0629109 0.0246902 0.0166116
internal_weight=202780 79775 123005 49220 37237 28226 30555 19300 11983 103705 9225 22526 12456 9011 12387 10783 4552 15868 17443 2758 10412 16770 5849 8481 2685 8029 1288 1057 7966 805
internal_count=202780 79775 123005 49220 37237 28226 30555 19300 11983 103705 9225 22526 12456 9011 12387 10783 4552 15868 17443 2758 10412 16770 5849 8481 2685 8029 1288 1057 7966 805
cat_boundaries=0 1 2 3
cat_threshold=2 4 6
is_linear=0
shrinkage=0.03


Tree=25
num_leaves=31
num_cat=0
split_feature=8 7 8 8 0 37 39 26 37 0 39 38 26 36 26 26 0 27 29 18 23 36 0 17 29 30 9 14 37 4
split_gain=53984.7 7145.71 4196.04 3540.02 2013.79 1928.31 1819.54 800.574 717.816 633.123 621.208 563.203 517.272 466.121 463.167 391.836 380.155 373.147 335.624 314.834 388.354 314.361 306.373 318.679 288.422 287.925 494.798 279.536 265.276 259.967
threshold=23.833333333333339 4.7100000000000017 1.0000000180025095e-35 80.416666666666671 1.5000000000000002 1.2274104112024995 0.33364211360270818 13.557343273837105 1.9415523018028404 1.0000000180025095e-35 0.34403279906246165 0.30291465800948297 10.282728457786151 1.7853837643335537 11.523593359495175 12.513196978873964 1.0000000180025095e-35 10405.500000000002 2.5000000000000004 0.12000000000000002 3.3666666666666671 2.0813286278658345 1.0000000180025095e-35 24.225000000000005 2.5000000000000004 1.0000000180025095e-35 6.9000000000000012 0.83500000000000008 1.606012249909982 8.1841151549180768
decision_type=10 10 8 10 10 2 2 10 2 8 2 2 10 2 10 10 10 10 10 10 10 2 10 10 10 10 10 10 2 8
left_child=2 3 29 4 11 15 -3 22 19 -4 -6 16 -13 -9 25 18 -2 24 -5 -7 -21 -16 -8 -24 -12 28 -27 -15 -11 -1
right_child=1 6 9 5 10 8 7 13 -10 14 17 12 -14 27 21 -17 -18 -19 -20 20 -22 -23 23 -25 -26 26 -28 -29 -30 -31
leaf_value=-0.013463253262820505 -0.0060115945195188146 0.022603312553407667 -0.0084386570603777553 0.031191006724245407 0.010033464517864249 0.030763152150620802 0.013557233939332818 0.039641083262939136 0.0058253261029227853 0.0093914237113776177 0.024136174752074625 -0.002477212121978076 0.013745147307521516 0.057329081499391359 0.0084424494330280469 0.039398783154644193 0.0037511747515792085 0.041345637434969149 0.012930520447931484 0.015497470051214027 0.035748275342490816 0.038591035781596235 0.032162419922153324 0.045303280627549861 0.011740390281943371 -0.010384707354538581 0.0023921827176102599 0.10287986545581516 -0.0069240800378274573 -0.01702223284514669
leaf_weight=25719 7404 6938 11290 4411 7538 2001 517 1744 4537 3466 4883 2593 5567 2679 1574 4438 6968 805 1140 8137 952 388 4087 2798 2583 5234 5697 127 1210 65553
leaf_count=25719 7404 6938 11290 4411 7538 2001 517 1744 4537 3466 4883 2593 5567 2679 1574 4438 6968 805 1140 8137 952 388 4087 2798 2583 5234 5697 127 1210 65553
internal_value=-1.84337e-05 0.0186119 -0.0128666 0.0138237 0.00805462 0.0224585 0.0348238 0.0419177 0.0158778 -0.00289558 0.0162628 0.00229559 0.00859017 0.0518207 0.000666457 0.0327536 -0.0012783 0.02194 0.0274409 0.0199903 0.0176186 0.0144046 0.0358302 0.0375027 0.0198476 -0.0010606 -0.00372567 0.0593907 0.00516949 -0.0160194
internal_weight=202978 82847 120131 63957 38341 25616 18890 11952 15627 28859 15809 22532 8160 4550 17569 9989 14372 8271 5551 11090 9089 1962 7402 6885 7466 15607 10931 2806 4676 91272
internal_count=202978 82847 120131 63957 38341 25616 18890 11952 15627 28859 15809 22532 8160 4550 17569 9989 14372 8271 5551 11090 9089 1962 7402 6885 7466 15607 10931 2806 4676 91272
is_linear=0
shrinkage=0.03


Tree=26
num_leaves=31
num_cat=1
split_feature=8 8 3 24 39 24 37 8 0 3 0 17 0 24 3 28 24 29 37 3 41 36 29 24 27 8 39 8 8 14
split_gain=50623.2 6673.77 5394.21 1803.26 1653.11 1364.12 1225.43 964.459 732.764 728.134 704.748 659.749 594.452 506.388 479.037 458.714 445.072 409.483 440.256 355.434 347.707 344.374 335.87 335.69 322.278 297.003 294.405 289.162 278.238 262.113
threshold=33.833333333333336 6.166666666666667 2.9511904761904768 8.3500000000000032 0.33138073110030902 5.4500000000000011 1.4942766613152714 82.833333333333357 1.0000000180025095e-35 0.69098143236074283 1.5000000000000002 11.900000000000002 1.5000000000000002 5.9500000000000011 5.1449579831932786 1.0000000180025095e-35 7.7500000000000009 2.5000000000000004 0.74997441593349445 1.7257053291536051 0 2.1554341732637057 2.5000000000000004 5.4500000000000011 229.50000000000003 82.833333333333357 0.6169141898522964 77.166666666666671 78.166666666666671 0.52450000000000008
decision_type=10 8 10 2 2 2 2 10 10 10 10 10 8 2 10 2 2 8 2 10 1 2 10 2 10 10 2 10 10 10
left_child=1 9 4 6 10 8 17 11 -3 -1 27 -6 21 22 -5 -16 24 25 -19 -10 -8 -7 -9 -12 -14 -4 -18 -2 -22 -27
right_child=2 5 3 14 7 12 20 13 19 -11 23 -13 16 -15 15 -17 26 18 -20 -21 28 -23 -24 -25 -26 29 -28 -29 -30 -31
leaf_value=-0.015834150909250284 -0.0014604949570740005 -0.0073787224156745771 0.030024582420315006 0.040697604659196127 0.011103453551783212 0.0021231018440190418 0.0080337364003040639 0.029419183471147702 0.00090443070696366557 -0.0085554238951232996 0.010607704076037375 0.026071272879570284 0.014128816126593958 0.050993595328037794 0.047861121255979786 0.080200528915933683 0.028840921017975803 0.049858164131341663 0.026657052208853081 0.016156250331622435 0.012541317109933104 0.021669248873026136 0.015630037025056876 0.022900434372555997 0.052976083974910979 0.04190654391677838 0.078719565305506459 0.0090691539140440591 0.026946814427340534 0.082397077082150036
leaf_weight=86290 6399 12912 2333 1597 10381 4688 2145 5507 7363 14439 10146 3559 2391 767 791 788 251 811 7969 1691 1762 981 2235 2490 209 4194 185 3707 3829 149
leaf_count=86290 6399 12912 2333 1597 10381 4688 2145 5507 7363 14439 10146 3559 2391 767 791 788 251 811 7969 1691 1762 981 2235 2490 209 4194 185 3707 3829 149
internal_value=-3.31052e-06 -0.01106 0.0202996 0.0310826 0.0140079 0.00119241 0.0281793 0.019783 -0.00279043 -0.0147908 0.00830716 0.0149249 0.0112426 0.027742 0.0522828 0.0640001 0.0219553 0.0330581 0.0288001 0.00375299 0.018432 0.00550549 0.0254385 0.0130301 0.0172515 0.038658 0.050005 0.0024019 0.0223669 0.0432957
internal_weight=202959 131400 71559 26368 45191 30671 23192 22449 21966 100729 22742 13940 8705 8509 3176 1579 3036 15456 8780 9054 7736 5669 7742 12636 2600 6676 436 10106 5591 4343
internal_count=202959 131400 71559 26368 45191 30671 23192 22449 21966 100729 22742 13940 8705 8509 3176 1579 3036 15456 8780 9054 7736 5669 7742 12636 2600 6676 436 10106 5591 4343
cat_boundaries=0 1
cat_threshold=2
is_linear=0
shrinkage=0.03


Tree=27
num_leaves=31
num_cat=2
split_feature=0 3 7 39 7 17 7 38 39 9 29 41 9 29 1 3 29 40 41 23 28 26 22 3 7 42 26 20 18 6
split_gain=47813.4 7904 4877.3 2875.25 1321.89 1176.38 1026.28 835.466 746.132 583.971 569.154 478.128 396.814 389.575 429.838 384.507 369.959 354.619 350.088 341.378 318.388 280.214 264.091 254.252 246.623 244.903 241.443 238.007 235.765 241.064
threshold=1.0000000180025095e-35 1.9451951951951953 0.71000000000000019 0.48892315612746001 1.0550000000000004 17.633333333333336 5.5225000000000017 0.26910414966642821 0.17123560738928825 86.225000000000009 3.5000000000000004 0 81.100000000000009 3.5000000000000004 7.8333333333333348 0.29289215686274517 2.5000000000000004 259.76000000000016 1 4.9000000000000012 1.0000000180025095e-35 9.8412663439998074 0.45000000000000007 4.9194594594594605 6.6800000000000015 19.500000000000004 11.842362296775384 0.32633333333333342 22.345000000000006 0.77500000000000013
decision_type=10 10 8 2 10 10 10 2 2 10 10 1 10 10 10 10 10 2 1 10 2 10 10 10 10 2 10 8 10 10
left_child=2 4 15 6 22 16 8 12 18 17 21 -10 -4 14 20 -1 -5 -9 -3 -13 28 -6 -2 27 -18 -25 -11 -22 -7 -30
right_child=1 3 7 5 10 13 -8 9 11 26 -12 19 -14 -15 -16 -17 24 -19 -20 -21 23 -23 -24 25 -26 -27 -28 -29 29 -31
leaf_value=-0.015725017306897151 -0.0018960653119086568 -0.0031161094107163387 -0.0067439825206841875 0.034647496887050079 0.0094596274374323559 0.026605506555573619 0.031136776174730034 0.0019758969359909987 0.029184885655536279 0.01012387622453576 0.0024387942989451141 0.016474139902154794 0.012661366962412636 0.016746455164164932 0.073198715549432539 -0.011131923758746411 0.020129488655524649 0.017055697044937375 0.013386694042405166 0.031750707240760637 0.095173551147128194 0.01725182762764834 0.029037901088283729 0.054334704244082946 0.0630367409093638 0.090528060376854749 0.048950082067181246 0.045449752648127548 0.065479138155544361 0.023346984466140877
leaf_weight=76633 11235 1707 12390 7174 7199 907 6927 10139 4689 233 4996 12758 1027 321 668 20871 2794 1629 3582 1468 91 9818 254 415 126 283 378 1807 368 183
leaf_count=76633 11235 1707 12390 7174 7199 907 6927 10139 4689 233 4996 12758 1027 321 668 20871 2794 1629 3582 1468 91 9818 254 415 126 283 378 1807 368 183
internal_value=3.59068e-05 0.0181341 -0.0116729 0.0261697 0.00703647 0.0368947 0.0209549 -7.27003e-05 0.0180409 0.00554805 0.0113416 0.0208262 -0.00525861 0.0487268 0.0509008 -0.0147419 0.0309833 0.00406334 0.00807991 0.0180379 0.0472267 0.0139554 -0.00121217 0.0535273 0.021981 0.0690091 0.034144 0.0478338 0.0360082 0.0514861
internal_weight=203070 79770 123300 46268 33502 15137 31131 25796 24204 12379 22013 18915 13417 5043 4722 97504 10094 11768 5289 14226 4054 17017 11489 2596 2920 698 611 1898 1458 551
internal_count=203070 79770 123300 46268 33502 15137 31131 25796 24204 12379 22013 18915 13417 5043 4722 97504 10094 11768 5289 14226 4054 17017 11489 2596 2920 698 611 1898 1458 551
cat_boundaries=0 1 2
cat_threshold=9 2
is_linear=0
shrinkage=0.03


Tree=28
num_leaves=31
num_cat=0
split_feature=8 3 0 24 0 37 3 8 24 8 24 7 0 38 24 37 39 24 28 0 0 26 29 3 24 32 24 36 19 29
split_gain=45510 6171.44 3378.74 2515.45 1729.77 1228.2 1083.72 997.356 934.562 804.256 667.397 662.697 658.199 604.775 478.937 463.15 460.092 425.311 427.841 378.044 348.92 290.532 309.517 282.149 264.659 261.22 257.095 243.33 241.937 237.997
threshold=23.833333333333339 2.3380952380952387 1.0000000180025095e-35 6.2500000000000009 1.5000000000000002 1.7535061868289357 4.506756756756757 78.833333333333357 4.9500000000000011 57.833333333333336 10.950000000000001 1.0000000180025095e-35 1.0000000180025095e-35 0.2243032116004354 8.8500000000000032 1.3837194633144356 0.35975309550754647 9.8500000000000032 1.0000000180025095e-35 1.0000000180025095e-35 1.0000000180025095e-35 9.751297449097823 2.5000000000000004 1.0923295454545456 4.9500000000000011 1.8571400000000005 4.0500000000000007 2.662496950920707 16.645000000000007 2.5000000000000004
decision_type=10 10 8 2 10 2 10 10 2 10 2 10 10 2 2 2 2 2 2 10 10 10 10 8 2 10 2 2 10 10
left_child=2 4 11 5 9 7 12 19 26 24 23 -1 27 -6 21 -14 -11 25 -19 -3 -20 -15 28 -10 -2 -8 -4 -5 -23 -18
right_child=1 3 8 6 13 -7 17 -9 10 16 -12 -13 15 14 -16 -17 29 18 20 -21 -22 22 -24 -25 -26 -27 -28 -29 -30 -31
leaf_value=-0.014993326186239296 -0.0051185899689847039 0.0043025704392794109 -0.019128953165528626 0.00019230379104295158 0.0094959873353402894 0.0096491789510964841 0.040695961702332785 0.02883956843128865 -0.00063690002253265535 0.0046614504958976772 0.10621200559569187 -0.0086810568828661096 0.039002752071132657 0.01226237429711924 0.076919916275973346 0.020727243230460182 0.022643702855248572 0.045967836123274028 0.0073982154911553313 0.019459933939374847 0.08621987527334847 0.022885586560638431 0.014198855387071869 0.010656570949982088 0.0035761914678478952 0.075390120391426479 -0.0044395224453233281 0.068535314816236495 0.037364183621531072 0.0058591997077015708
leaf_weight=84377 7457 2007 1251 753 8399 6731 2983 14700 3093 5761 61 18197 4075 3497 132 1799 2791 664 55 5650 624 3734 2584 5588 5456 209 7508 50 1439 1045
leaf_count=84377 7457 2007 1251 753 8399 6731 2983 14700 3093 5761 61 18197 4075 3497 132 1799 2791 664 55 5650 624 3734 2584 5588 5456 209 7508 50 1439 1045
internal_value=-4.39114e-06 0.0171363 -0.0117948 0.0255373 0.00913162 0.020884 0.0376097 0.0242665 0.000388301 0.00344373 0.0073276 -0.0138735 0.029923 0.0156029 0.0201077 0.0334056 0.0100215 0.0489269 0.0630907 0.015487 0.0798352 0.0194414 0.0226778 0.00663276 -0.00144487 0.0429676 -0.00653753 0.00444778 0.0269132 0.0180713
internal_weight=202670 82595 120075 40300 42295 29088 11212 22357 17501 22510 8742 102574 6677 19785 11386 5874 9597 4535 1343 7657 679 11254 7757 8681 12913 3192 8759 803 5173 3836
internal_count=202670 82595 120075 40300 42295 29088 11212 22357 17501 22510 8742 102574 6677 19785 11386 5874 9597 4535 1343 7657 679 11254 7757 8681 12913 3192 8759 803 5173 3836
is_linear=0
shrinkage=0.03


Tree=29
num_leaves=31
num_cat=2
split_feature=0 3 7 24 7 29 36 37 37 24 37 3 27 29 24 3 39 24 41 0 41 39 40 10 22 23 4 29 25 37
split_gain=43105.9 7318.05 3900.16 2492.97 1549.65 1091.23 908.922 759.946 683.986 653.682 538.345 435.614 432.327 415.335 407.249 398.185 394.091 365.255 390.12 348.176 324.297 318.75 315.389 294.466 291.071 338.414 266.633 263.706 261.21 254.464
threshold=1.0000000180025095e-35 2.253571428571429 0.8450000000000002 6.2500000000000009 1.3900000000000003 2.5000000000000004 1.7362524804913437 1.1862362892754532 2.1090901779039295 9.3500000000000032 1.9415523018028404 0.46291208791208799 507.50000000000006 2.5000000000000004 5.4500000000000011 1.5469208211143697 0.46827467770221809 6.0500000000000007 0 6.5000000000000009 1 0.37667284877149815 140.46000000000006 0.90000000000000013 1.0000000180025095e-35 5.1000000000000005 2.0008237232289958 3.5000000000000004 1.0000000180025095e-35 0.73085576374167494
decision_type=10 10 8 2 10 8 2 2 2 2 2 10 10 10 2 10 2 2 1 10 1 2 2 10 10 10 10 8 10 2
left_child=2 4 11 5 15 16 19 12 13 28 24 -1 14 17 -4 -2 -3 18 21 -5 -12 -6 -11 -9 25 29 -19 -21 -8 -7
right_child=1 3 7 6 8 10 9 23 -10 22 20 -13 -14 -15 -16 -17 -18 26 -20 27 -22 -23 -24 -25 -26 -27 -28 -29 -30 -31
leaf_value=-0.014670259288144716 -0.0011659459658409834 0.024009236640149128 -0.0019486879737900928 0.025605605779710789 0.014201131984029045 0.040541481420472078 0.036120982690978375 -0.0057032199700387323 0.00064324556810616267 0.094070456990511642 -0.0032605536491810247 -0.0094341979627645903 0.021149002809960744 0.010244673107511613 0.01222513745070819 0.012183843057088008 0.036911294125202068 0.075869292620522513 0.011870899658778397 0.058878878320690935 0.014188526506168694 0.030387188263107125 0.05814489156498566 0.0098419069589856991 0.030414412618077785 0.032595106044552985 0.028949932632666476 0.032029903690196114 0.052774439783691264 0.016196136007462034
leaf_weight=81676 13054 4046 4668 3951 1897 401 2727 13852 3509 271 1386 17335 1511 9634 2995 2377 4501 119 6390 565 3102 2590 1167 1191 2332 1430 1298 789 1230 10613
leaf_count=81676 13054 4046 4668 3951 1897 401 2727 13852 3509 271 1386 17335 1511 9634 2995 2377 4501 119 6390 565 3102 2590 1167 1191 2332 1430 1298 789 1230 10613
internal_value=-7.91598e-06 0.0172332 -0.011114 0.0266167 0.00839084 0.0218822 0.0389223 -0.000322308 0.0129408 0.0475927 0.017924 -0.0137535 0.00648288 0.0149087 0.003591 0.000890463 0.0308037 0.0185637 0.0166973 0.0301048 0.00882419 0.0234917 0.0649153 -0.00447247 0.0206879 0.0188651 0.0328902 0.0432335 0.0412976 0.0170825
internal_weight=202607 79379 123228 38511 40868 27811 10700 24217 25437 5395 19264 99011 9174 21928 7663 15431 8547 12294 10877 5305 4488 4487 1438 15043 14776 12444 1417 1354 3957 11014
internal_count=202607 79379 123228 38511 40868 27811 10700 24217 25437 5395 19264 99011 9174 21928 7663 15431 8547 12294 10877 5305 4488 4487 1438 15043 14776 12444 1417 1354 3957 11014
cat_boundaries=0 1 2
cat_threshold=3 2
is_linear=0
shrinkage=0.03


Tree=30
num_leaves=31
num_cat=1
split_feature=8 8 7 39 8 24 24 24 26 26 29 41 0 36 8 39 3 39 27 0 14 3 37 29 17 18 14 36 28 8
split_gain=40588.5 5069.52 4807.81 2185.49 1932.66 1139.24 988.02 809.212 804.625 631.968 583.457 551.968 465.917 442.891 435.858 391.93 342.942 330.717 315.601 285.638 280.393 279.542 268.848 243.674 238.711 236.811 247.937 237.612 234.529 233.532
threshold=32.416666666666679 1.0000000180025095e-35 5.8900000000000015 0.23056173573235605 80.416666666666671 4.8500000000000005 9.7500000000000018 5.4500000000000011 11.80803240405454 12.552159230062534 3.5000000000000004 0 1.5000000000000002 2.1554341732637057 86.416666666666671 0.80736969619590226 0.67117117117117131 0.58491212206656806 6081.5000000000009 1.5000000000000002 0.27837800000000007 1.9864864864864866 2.2918824651021432 2.5000000000000004 9.2250000000000014 25.663333333333338 0.87500000000000011 2.7120418380785183 1.0000000180025095e-35 55.833333333333336
decision_type=10 8 10 2 8 2 2 2 8 10 8 1 10 2 10 2 10 2 10 10 10 10 2 8 10 10 8 2 2 10
left_child=1 21 3 11 7 16 10 12 19 -6 20 22 -5 23 -13 18 -3 -11 -9 -7 -4 -1 -2 -10 -17 26 -8 -27 -12 -22
right_child=2 5 6 4 9 8 25 15 13 17 28 14 -14 -15 -16 24 -18 -19 -20 -21 29 -23 -24 -25 -26 27 -28 -29 -30 -31
leaf_value=-0.014060487036912475 0.0030464176754056607 -0.0095184556877622051 0.033925896738463981 0.0031151673020930596 0.020621600193902856 -0.0016267507583376409 0.084805583499345763 0.015367015200918179 0.019824259616702391 0.027276464049992937 0.017642805310447186 0.0055226855388796721 0.013909148262544061 0.027998469503152709 0.018709443498142849 0.022585144329394371 -0.0012378374526713803 0.040244904541410505 0.030417799983919407 0.011410543184247723 0.0024590624273591434 -0.0038608147395131861 -0.0097896679471188835 0.0048277708643748689 0.071619147548232884 0.06529918754619643 0.04141608622400518 0.11788863856842119 0.032220414657218248 0.050166219379116521
leaf_weight=88859 4565 11331 3613 8020 12990 12326 142 6493 1316 5890 2280 6590 6529 1358 3430 159 7468 2530 1554 1724 97 2486 2165 3765 204 549 717 90 1760 1925
leaf_count=88859 4565 11331 3613 8020 12990 12326 142 6493 1316 5890 2280 6590 6529 1358 3430 159 7468 2530 1554 1724 97 2486 2165 3765 204 549 717 90 1760 1925
internal_value=7.39295e-05 -0.00990706 0.0181098 0.0148019 0.0182875 -0.000895697 0.0362045 0.0122412 0.00399764 0.0247713 0.0326942 0.00556896 0.00795907 0.0127795 0.0100267 0.0196491 -0.00622894 0.0311732 0.0182736 -2.70145e-05 0.0389322 -0.0137829 -0.00108127 0.00871192 0.0501414 0.0588765 0.0485887 0.0727062 0.0239934 0.0478776
internal_weight=202925 130633 72292 61119 44369 39288 11173 22959 20489 21410 9675 16750 14549 6439 10020 8410 18799 8420 8047 14050 5635 91345 6730 5081 363 1498 859 639 4040 2022
internal_count=202925 130633 72292 61119 44369 39288 11173 22959 20489 21410 9675 16750 14549 6439 10020 8410 18799 8420 8047 14050 5635 91345 6730 5081 363 1498 859 639 4040 2022
cat_boundaries=0 1
cat_threshold=2
is_linear=0
shrinkage=0.03


Tree=31
num_leaves=31
num_cat=0
split_feature=8 7 8 0 39 8 24 38 24 37 38 26 24 29 42 18 0 24 7 7 29 26 0 21 27 37 36 26 12 6
split_gain=37774.1 5378.08 2778.08 2413.4 1490.22 1273.87 1063.74 1053.56 869.821 561.601 499.009 492.86 425.489 419.944 344.291 341.763 335.158 327.794 326.531 302.897 300.107 286.188 284.618 277.679 272.9 265.916 260.351 258.703 255.669 250.945
threshold=23.833333333333339 4.5100000000000025 1.0000000180025095e-35 1.5000000000000002 0.33138073110030902 89.833333333333357 9.8500000000000032 0.22551349105123256 5.7500000000000009 1.1991187843429254 0.24317859266967631 12.404890714131371 10.550000000000002 2.5000000000000004 5.5000000000000009 0.022500000000000003 4.5000000000000009 4.8500000000000005 3.9450000000000007 2.5550000000000006 4.5000000000000009 10.986326086944858 1.0000000180025095e-35 1.0000000180025095e-35 50153.500000000007 0.74997441593349445 3.0192413339476554 12.876810604573722 0.38031000000000009 1.2250000000000003
decision_type=10 10 8 10 2 10 2 2 2 2 2 10 2 10 2 10 10 2 10 10 8 8 10 10 10 2 2 10 10 10
left_child=2 3 -1 5 27 9 13 15 17 18 -7 19 21 16 29 -5 26 -4 -2 -9 -17 -10 -11 -16 -15 -20 -6 -3 -25 -8
right_child=1 4 8 7 6 10 14 11 12 22 -12 -13 -14 24 23 20 -18 -19 25 -21 -22 -23 -24 28 -26 -27 -28 -29 -30 -31
leaf_value=-0.013377928584100151 0.0063582327675732629 0.014524904151826347 -0.0081617288098027648 0.023170897637865208 0.030232267104684778 0.0085255674657395124 0.12868562107577042 0.01327215912963633 -0.0012096218695473967 -0.0058786448977765004 0.02571330681579306 0.027793060075314669 0.07035475129679758 0.019772298695202636 0.018195392563077756 0.011426030537614333 0.04481015060133596 -0.0010224251449912852 0.07399431248606346 0.02233881769166126 0.00074590205684985685 0.013244114825901848 0.0023963070089722117 0.053716457264654745 0.03746422144863578 0.020312690227229972 0.075756636164793431 0.026217419820626808 0.096648835642656805 0.052902183746919032
leaf_weight=91316 7888 5152 13656 1569 4463 3034 102 6718 2108 7523 3047 6574 98 3071 173 7908 2638 10046 102 6549 3380 2970 7441 1033 1054 447 116 2544 142 64
leaf_count=91316 7888 5152 13656 1569 4463 3034 102 6718 2108 7523 3047 6574 98 3071 173 7908 2638 10046 102 6549 3380 2970 7441 1033 1054 447 116 2544 142 64
internal_value=-7.45451e-05 0.0155265 -0.0108131 0.0111291 0.028831 0.00490475 0.0350812 0.0167412 -0.00270268 0.00172586 0.0171378 0.0210761 0.00843893 0.0319284 0.0587006 0.0100516 0.0362926 -0.00513576 0.00791525 0.0177477 0.00822805 0.00724402 -0.00176384 0.0536803 0.0242929 0.0302863 0.0313855 0.01839 0.0589049 0.0994679
internal_weight=202926 82732 120194 62180 20552 29482 12856 32698 28878 23401 6081 19841 5176 11342 1514 12857 7217 23702 8437 13267 11288 5078 14964 1348 4125 549 4579 7696 1175 166
internal_count=202926 82732 120194 62180 20552 29482 12856 32698 28878 23401 6081 19841 5176 11342 1514 12857 7217 23702 8437 13267 11288 5078 14964 1348 4125 549 4579 7696 1175 166
is_linear=0
shrinkage=0.03


Tree=32
num_leaves=31
num_cat=2
split_feature=8 3 8 39 0 0 3 37 39 3 39 29 17 8 17 39 8 41 3 8 8 17 8 37 41 0 17 36 8 0
split_gain=35529.9 5014.35 2947.38 2161.42 1117.94 952.179 842.545 651.304 529.148 512.823 473.493 422.954 410.562 402.753 385.215 352.393 337.325 303.408 258.725 252.957 242.378 240.368 233.742 248.633 232.878 231.567 216.99 361.447 186.68 179.454
threshold=25.166666666666668 2.1188235294117654 1.0000000180025095e-35 0.48191274238623633 1.0000000180025095e-35 1.5000000000000002 4.506756756756757 1.3837194633144356 0.21729194552652412 0.98648648648648662 0.50543920978093493 2.5000000000000004 16.900000000000002 82.833333333333357 12.225000000000001 0.17123560738928825 85.833333333333357 0 2.0444664031620561 86.166666666666671 89.166666666666671 7.6333333333333337 74.833333333333357 1.2068388705932018 1 3.5000000000000004 31.633333333333336 1.7430736489314786 63.166666666666679 1.0000000180025095e-35
decision_type=10 10 8 2 10 10 10 2 2 8 2 10 10 10 10 2 10 1 10 10 10 10 10 2 1 10 10 2 10 10
left_child=2 4 18 5 22 15 11 13 24 -4 -11 14 19 -6 20 -3 29 28 -1 -10 25 -19 -2 -24 -7 -5 -8 -28 -9 -17
right_child=1 3 9 6 7 8 26 17 12 10 -12 -13 -14 -15 -16 16 -18 21 -20 -21 -22 -23 23 -25 -26 -27 27 -29 -30 -31
leaf_value=-0.013269055143133189 -0.0038879317444166909 -0.0026749878641404113 -0.0064488170315286381 0.014940128979769573 0.011316265791320296 0.0034620009142952738 0.037757392803043445 0.0076910712428676642 0.013937655849504285 -0.0016980677817328902 0.0097904887913900507 0.01822086450407992 0.031114833429470499 0.022654616722812403 0.038815013772697145 0.00048813200065951808 0.020487863827212856 0.0010388064838706664 -0.0030996972184096062 0.024053799879628239 0.032387804608766044 0.010677088405990321 0.034056730353687371 0.0025486585487671356 0.016785753458321357 0.035383431268166059 0.0045823813071401102 0.057644383569924677 0.025349141609438641 0.012586054653037616
leaf_weight=89078 8044 1856 13588 2164 9157 1586 2191 1159 3531 11778 4448 3437 4737 4074 3253 2065 2646 8662 2310 6013 2577 3185 297 935 4846 648 127 1280 1007 2370
leaf_count=89078 8044 1856 13588 2164 9157 1586 2191 1159 3531 11778 4448 3437 4737 4074 3253 2065 2646 8662 2310 6013 2577 3185 297 935 4846 648 127 1280 1007 2370
internal_value=-2.7416e-05 0.0152437 -0.0103399 0.0219089 0.00697115 0.0171454 0.0309183 0.0100339 0.0206767 -0.00214927 0.00145127 0.0271225 0.0238947 0.0148075 0.0306628 0.00896084 0.0120107 0.00552667 -0.013012 0.0203111 0.0257417 0.00362694 -0.00202422 0.0101444 0.0135319 0.0196511 0.0436613 0.0528548 0.0158275 0.00695309
internal_weight=203049 81847 121202 45327 36520 29650 15677 27244 20713 29814 16226 12079 14281 13231 8642 8937 7081 14013 91388 9544 5389 11847 9276 1232 6432 2812 3598 1407 2166 4435
internal_count=203049 81847 121202 45327 36520 29650 15677 27244 20713 29814 16226 12079 14281 13231 8642 8937 7081 14013 91388 9544 5389 11847 9276 1232 6432 2812 3598 1407 2166 4435
cat_boundaries=0 1 2
cat_threshold=9 2
is_linear=0
shrinkage=0.03


Tree=33
num_leaves=31
num_cat=2
split_feature=8 24 8 8 3 24 38 29 36 22 27 23 3 38 14 8 41 28 42 8 24 4 9 38 41 42 24 24 38 7
split_gain=34460.8 4433.16 4369.07 1413.58 1350.15 1044.84 956.746 641.201 593.965 510.903 507.576 489.496 487.018 362.869 346.197 340.203 333.592 326.475 330.459 317.87 310.152 290.051 320.842 282.671 362.268 268.079 252.413 251.066 249.217 240.529
threshold=36.416666666666679 5.4500000000000011 6.166666666666667 78.166666666666671 4.253571428571429 5.0500000000000007 0.1678685431712594 2.5000000000000004 1.7763443182525525 1.3666666666666669 198.50000000000003 17.700000000000003 0.70479302832244028 0.13515993162639175 0.6126666666666668 81.166666666666671 0 1.0000000180025095e-35 19.500000000000004 82.833333333333357 9.3500000000000032 6.1914224888428242 88.63333333333334 0.37108552526488553 1 36.500000000000007 4.0500000000000007 7.4500000000000011 0.40626882928292479 3.1900000000000008
decision_type=10 2 8 10 10 2 2 8 2 10 8 8 10 2 10 10 1 2 2 10 2 10 10 2 1 2 2 2 2 10
left_child=2 3 12 13 7 26 16 19 -6 11 28 -8 -1 -2 17 -9 -5 -10 -19 -3 -17 -20 -23 -13 -25 -26 -4 -12 -7 -15
right_child=1 4 5 6 8 10 9 15 14 -11 27 23 -14 29 -16 20 -18 18 21 -21 -22 22 -24 24 25 -27 -28 -29 -30 -31
leaf_value=-0.01286979538066713 -0.003643591399314171 0.025795497027920049 -0.013741662096763002 0.00016973809719964623 0.029980353802034804 0.001278345243523902 0.033544054124093579 0.015008579418203018 0.032797890622233247 0.030837782620405728 0.013336769965670341 0.013601235544078367 -0.0068891213490167233 0.0049875148580475134 0.079787664015591148 0.023758400096758944 0.013322308450835669 0.04144239687910168 0.050645653486538392 0.040668692813695333 0.066070543655327385 0.074337135762438875 0.15016689762473107 0.010536033805388289 0.030326548603105147 0.084987229880164647 -0.0026211207323041203 0.034802818426905767 0.013514181872005777 0.013573207915512319
leaf_weight=86347 3406 3403 2058 3624 3582 7823 1522 7349 1246 3007 2904 11668 14281 11541 275 4936 3330 1035 442 2086 161 308 60 1111 1616 85 17104 590 1853 3939
leaf_count=86347 3406 3403 2058 3624 3582 7823 1522 7349 1246 3007 2904 11668 14281 11541 275 4936 3330 1035 442 2086 161 308 60 1111 1616 85 17104 590 1853 3939
internal_value=1.9742e-05 0.0171006 -0.00893846 0.0114663 0.0272558 0.000655509 0.0160089 0.0229063 0.0384832 0.0194921 0.00716066 0.0173601 -0.012021 0.00522163 0.0475318 0.0191392 0.00648739 0.044662 0.0526743 0.0314478 0.0250949 0.0670262 0.0867007 0.015659 0.0241972 0.0328648 -0.00381547 0.0169615 0.00362157 0.00717221
internal_weight=202692 69732 132960 44849 24883 32332 25963 17935 6948 19009 13170 16002 100628 18886 3366 12446 6954 3091 1845 5489 5097 810 368 14480 2812 1701 19162 3494 9676 15480
internal_count=202692 69732 132960 44849 24883 32332 25963 17935 6948 19009 13170 16002 100628 18886 3366 12446 6954 3091 1845 5489 5097 810 368 14480 2812 1701 19162 3494 9676 15480
cat_boundaries=0 1 2
cat_threshold=2 12
is_linear=0
shrinkage=0.03


Tree=34
num_leaves=31
num_cat=0
split_feature=8 24 0 8 39 8 0 24 36 3 24 3 24 24 24 17 29 29 36 29 0 3 8 39 32 29 39 39 38 29
split_gain=31900.4 4416.25 2853.59 2396.2 1280.38 1128.12 1054.35 875.538 601.506 506.673 427.79 414.608 407.472 385.876 381.447 365.692 336.887 293.739 279.621 254.316 240.049 239.567 236.457 226.08 225.612 216.933 226.347 214.751 213.935 207.357
threshold=28.416666666666668 6.2500000000000009 1.0000000180025095e-35 77.833333333333357 0.228017100192455 81.416666666666671 1.5000000000000002 5.7500000000000009 1.8870869634558265 1.10960960960961 9.8500000000000032 2.0444664031620561 4.9500000000000011 4.5500000000000007 10.950000000000001 9.1000000000000014 4.5000000000000009 3.5000000000000004 3.0192413339476554 2.5000000000000004 1.0000000180025095e-35 2.0635080645161294 57.416666666666679 0.68530736514106194 2.4130000000000007 2.5000000000000004 0.46827467770221809 0.39983018932564479 0.32124437654462473 2.5000000000000004
decision_type=10 2 8 10 2 10 10 2 2 10 2 10 2 2 2 10 10 8 2 8 10 8 10 2 10 8 2 2 2 8
left_child=2 3 9 6 16 8 12 13 20 -1 17 -6 -2 -4 21 29 -5 24 -10 -15 -3 -9 -20 -19 -7 26 -13 -12 -14 -8
right_child=1 5 7 4 11 10 15 14 18 -11 27 25 28 19 -16 -17 -18 23 22 -21 -22 -23 -24 -25 -26 -27 -28 -29 -30 -31
leaf_value=-0.01224852888279287 -0.0023794317460971229 0.00039241126247795073 -0.0074902434381971562 0.010488692039212504 0.014842383155364361 0.041528789685440985 0.015419967435876192 0.0053933323436766226 0.030357387565111235 -0.0054534053944565357 0.029087982751540283 0.02212879932106801 0.0027510057967050656 0.0095978413322896586 0.085232847630977618 0.018822664907121079 -0.0050206957325511694 0.024330063722673101 0.10378855117512019 -0.0014870664699623384 0.018774329905178813 0.020403575531283889 0.038202020133622977 0.0540657204454267 0.1052103148839053 0.020856964602079728 0.033156709955951769 0.063442168582306654 0.012929948754716621 0.0056625447753485582
leaf_weight=92804 11125 772 6845 7839 6687 2746 2824 2023 2977 11052 201 3227 5042 2742 66 4848 1502 1891 88 5809 3722 1816 113 262 51 9836 3483 884 2943 6408
leaf_count=92804 11125 772 6845 7839 6687 2746 2824 2023 2977 11052 201 3227 5042 2742 66 4848 1502 1891 88 5809 3722 1816 113 262 51 9836 3483 884 2943 6408
internal_value=5.11265e-06 0.0148233 -0.0095568 0.0115946 0.017375 0.0303138 0.00592155 0.00103607 0.0226805 -0.0115254 0.0400177 0.0211464 0.00133188 -0.00218185 0.0137232 0.0121508 0.00799484 0.0362782 0.0326697 0.00206747 0.0156166 0.0124938 0.0669165 0.0279486 0.0426899 0.0236942 0.0278531 0.0570779 0.00650262 0.00864727
internal_weight=202628 79471 123157 65764 32574 13707 33190 19301 7672 103856 6035 23233 19110 15396 3905 14080 9341 4950 3178 8551 4494 3839 201 2153 2797 16546 6710 1085 7985 9232
internal_count=202628 79471 123157 65764 32574 13707 33190 19301 7672 103856 6035 23233 19110 15396 3905 14080 9341 4950 3178 8551 4494 3839 201 2153 2797 16546 6710 1085 7985 9232
is_linear=0
shrinkage=0.03


Tree=35
num_leaves=31
num_cat=2
split_feature=0 3 7 26 37 7 7 37 10 36 29 29 29 7 27 41 3 1 29 37 26 30 23 23 41 23 37 28 26 29
split_gain=29788.7 5070.28 2722.56 1827.48 925.027 782.406 752.078 629.403 553.802 470.053 463.897 462.816 459.36 384.566 355.481 300.67 288.314 281.641 284.864 269.258 252.569 428.108 235.546 231.159 221.012 230.951 216.093 214.582 213.414 201.8
threshold=1.0000000180025095e-35 1.9451951951951953 0.71000000000000019 13.101365454451352 1.4942766613152714 1.0550000000000004 4.6225000000000014 1.6467655089678614 0.90000000000000013 1.7763443182525525 2.5000000000000004 2.5000000000000004 2.5000000000000004 4.4633333333333347 -8.4999999999999982 0 0.16904761904761909 10.833333333333334 2.5000000000000004 0.93328803274481065 9.8412663439998074 3.1000000000000005 7.9000000000000012 3.7750000000000004 1 7.7083333333333348 0.81280671303009278 1.0000000180025095e-35 13.004996628807552 3.5000000000000004
decision_type=10 8 8 10 2 10 10 2 10 2 10 8 8 10 8 1 10 10 10 2 10 8 10 10 1 10 2 2 10 8
left_child=2 5 16 4 10 -2 12 8 14 29 13 -7 -5 24 -4 22 -1 18 -11 -19 21 -16 -6 -15 25 -3 -14 -20 -10 -8
right_child=1 3 7 6 15 11 9 -9 28 17 -12 -13 26 23 20 -17 -18 19 27 -21 -22 -23 -24 -25 -26 -27 -28 -29 -30 -31
leaf_value=-0.012592334200645216 -0.0010308411839381505 0.02447213575151265 -0.0027469780376816948 0.033081843227977192 0.00069737000536679002 0.015098068721695397 0.035666418542690294 -0.007922131349930377 0.015120967675561323 0.049120586273592358 0.013771939217725147 0.0057003597145531956 0.035745278534526553 0.029984942558477428 -0.0091230486012792225 0.012964048768880649 -0.008880776090404904 0.052759123300683906 0.016997156089878288 0.13756170300462028 0.014436140669380572 0.00876291192809181 0.040182556934707181 0.074833881858173953 0.015480758880513576 0.08809156268835068 0.014998091265436947 0.042668206404932525 0.045241431757092436 0.022385709830427997
leaf_weight=72153 11489 4141 9637 2446 3203 6852 2107 7578 777 2079 6060 15132 504 4267 1873 8770 25491 87 551 55 2227 3374 142 106 4568 52 4364 626 291 2014
leaf_count=72153 11489 4141 9637 2446 3203 6852 2107 7578 777 2079 6060 15132 504 4267 1873 8770 25491 87 551 55 2227 3374 142 106 4568 52 4364 626 291 2014
internal_value=-0.00010437 0.0142025 -0.00933476 0.0206507 0.0165413 0.00531373 0.0293247 -0.000658633 0.00236919 0.0359871 0.0206381 0.00862945 0.0224755 0.0238061 0.00106103 0.0100507 -0.0116234 0.0442476 0.0424439 0.0856052 0.00597108 0.00237823 0.0023665 0.0310721 0.0201793 0.025201 0.0171461 0.0306506 0.0233279 0.0291759
internal_weight=203016 79615 123401 46142 31309 33473 14833 25757 18179 7519 19194 21984 7314 13134 17111 12115 97644 3398 3256 142 7474 5247 3345 4373 8761 4193 4868 1177 1068 4121
internal_count=203016 79615 123401 46142 31309 33473 14833 25757 18179 7519 19194 21984 7314 13134 17111 12115 97644 3398 3256 142 7474 5247 3345 4373 8761 4193 4868 1177 1068 4121
cat_boundaries=0 1 2
cat_threshold=2 3
is_linear=0
shrinkage=0.03


Tree=36
num_leaves=31
num_cat=0
split_feature=8 0 7 37 39 22 18 8 37 14 8 7 17 31 40 29 29 38 4 0 29 23 37 42 2 7 5 40 37 8
split_gain=28267.8 3509.76 3005.5 1445.87 1076.71 866.357 698.59 641.178 508.03 495.548 491.084 364.049 357.299 347.652 330.107 300.05 272.485 261.323 249.189 227.101 215.554 212.38 192.302 192.046 190.645 185.314 182.878 180.976 178.908 166.781
threshold=36.416666666666679 1.0000000180025095e-35 4.6633333333333349 1.1991187843429254 0.33138073110030902 1.0000000180025095e-35 1.0000000180025095e-35 89.833333333333357 1.9415523018028404 0.62300000000000011 12.16666666666667 2.5633333333333339 6.9000000000000012 2.1000000000000005 173.86000000000016 2.5000000000000004 2.5000000000000004 0.22844731457713516 12.899159663865548 1.0000000180025095e-35 4.5000000000000009 5.1000000000000005 0.86562624479335182 30.500000000000004 5.7750000000000012 11.090000000000003 7.9000000000000012 -124.75500000000009 1.1391922071454934 55.833333333333336
decision_type=10 8 10 2 2 10 10 10 2 10 10 10 10 8 2 10 10 2 8 10 8 10 2 2 10 10 10 2 2 10
left_child=1 6 3 7 20 8 -1 12 11 15 13 -5 29 18 -8 19 -9 -12 -3 23 -4 -18 -15 -6 -21 -11 -17 -28 -27 -2
right_child=2 10 4 5 9 -7 14 16 -10 25 17 -13 -14 22 -16 26 21 -19 -20 24 -22 -23 -24 -25 -26 28 27 -29 -30 -31
leaf_value=-0.011794970391949553 0.0018791062405233046 -0.0024861668882517449 0.019995495805659631 0.0042222913734349795 0.0021752945944001631 0.021520408713955521 -0.0074390073023063762 0.028302203284959016 -0.00025663808353405929 0.048600910045831593 0.0010169454184192216 0.01217806253088651 0.020106006426621782 0.016955577182871908 0.0025052940160467697 0.054895704486140395 0.011058468812831783 0.010298236101867204 -0.014252839073230586 0.031933768432318446 0.0087935179017253045 0.044505286139901727 0.0013878169973729091 0.048266642340722511 0.043753580374304414 0.062751359216282873 0.07745741372157891 0.021110963238237378 0.13367049943422898 0.012348288223170705
leaf_weight=85662 1969 5223 4560 9534 350 3669 19248 5664 8239 447 4561 11326 4589 838 3560 157 1552 6802 2348 5127 2339 192 4831 106 1615 89 52 3820 50 4498
leaf_count=85662 1969 5223 4560 9534 350 3669 19248 5664 8239 447 4561 11326 4589 838 3560 157 1552 6802 2348 5127 2339 192 4831 106 1615 89 52 3820 50 4498
internal_value=-0.000116519 -0.00823231 0.0153243 0.011566 0.0256143 0.00778284 -0.0105527 0.0182799 0.00605071 0.0311138 0.0019977 0.0085419 0.0137038 -0.00192882 -0.00588685 0.02971 0.0251095 0.00657281 -0.00613537 0.0333793 0.0161976 0.0147407 0.00368907 0.0128895 0.0347651 0.0580085 0.0231547 0.0218677 0.0882618 0.00916075
internal_weight=203017 133073 69944 51232 18712 32768 108470 18464 29099 11813 24603 20860 11056 13240 22808 11227 7408 11363 7571 7198 6899 1744 5669 456 6742 586 4029 3872 139 6467
internal_count=203017 133073 69944 51232 18712 32768 108470 18464 29099 11813 24603 20860 11056 13240 22808 11227 7408 11363 7571 7198 6899 1744 5669 456 6742 586 4029 3872 139 6467
is_linear=0
shrinkage=0.03


Tree=37
num_leaves=31
num_cat=3
split_feature=8 24 8 8 8 24 38 39 24 0 41 26 0 24 13 29 41 38 38 24 27 40 24 39 28 28 0 3 41 38
split_gain=26445.9 3805.93 2095.28 1923.6 1482.07 845.477 795.094 727.614 721.657 606.956 562.034 497.586 432.184 384.11 376.339 327.045 305.114 292.458 285.258 279.425 276.002 303.631 272.922 251.813 240.292 227.842 225.235 211.653 209.112 204.686
threshold=23.833333333333339 5.4500000000000011 1.0000000180025095e-35 74.833333333333357 81.166666666666671 5.7500000000000009 0.1678685431712594 0.53932419210593474 9.8500000000000032 1.0000000180025095e-35 0 13.15049397566108 1.0000000180025095e-35 6.5500000000000007 0.052070000000000012 2.5000000000000004 1 0.13515993162639175 0.30141022682935181 4.5500000000000007 1201.5000000000002 362.315 11.250000000000002 0.39560810142339936 1.0000000180025095e-35 1.0000000180025095e-35 4.5000000000000009 1.0779352226720651 2 0.45701179113438589
decision_type=10 2 8 10 10 2 2 2 2 10 1 8 10 2 10 8 1 2 2 2 10 2 2 2 2 2 10 10 1 2
left_child=2 3 -1 9 7 19 16 12 15 -2 14 -7 -3 -9 -8 -6 -5 -11 -12 -4 21 -15 -13 -10 -22 29 -14 -19 -21 -17
right_child=1 4 5 6 8 11 10 13 23 17 18 22 26 20 -16 25 -18 27 -20 28 24 -23 -24 -25 -26 -27 -28 -29 -30 -31
leaf_value=-0.011248909736456631 -0.0035231048411171026 -0.0014731309817419672 -0.0079494488883041173 -0.00038370054686872419 0.035423623493726492 0.0036446118223808941 0.0057995714241391872 0.016025207450486544 0.022631832961707225 -0.0024410694935294405 0.016715729047416441 0.021991029320473934 0.011359873384339908 0.021086465796017931 0.024540462563722335 0.017839795429428727 0.011819773370437563 0.0022066316364406416 0.025395250961433934 0.032074612986790124 0.026287532379525049 0.069426759237349034 0.085063425655548378 0.060541871422231892 0.052657614136710294 0.029820555956571685 0.022790174755171866 0.010134336432127456 -0.0018182698588343135 0.04757975248708813
leaf_weight=91512 9338 1960 10656 3820 3366 3813 4962 2692 193 3079 8087 1233 6286 1814 1197 3910 3561 4338 5890 156 519 125 65 862 776 3509 2060 10059 12746 220
leaf_count=91512 9338 1960 10656 3820 3366 3813 4962 2692 193 3079 8087 1233 6286 1814 1197 3910 3561 4338 5890 156 519 125 65 862 776 3509 2060 10059 12746 220
internal_value=-4.93295e-05 0.0130163 -0.00903178 0.00836996 0.0219389 -0.00195465 0.0139423 0.0160204 0.0299048 0.00265156 0.0170297 0.00910604 0.011204 0.0243967 0.00942655 0.0276327 0.00551942 0.00595088 0.0203588 -0.00435431 0.0313651 0.0242028 0.0251495 0.0536067 0.0420892 0.0241997 0.0141812 0.00774562 -0.00138502 0.019424
internal_weight=202804 82623 120181 54331 28292 28669 27517 16232 12060 26814 20136 5111 10306 5926 6159 11005 7381 17476 13977 23558 3234 1939 1298 1055 1295 7639 8346 14397 12902 4130
internal_count=202804 82623 120181 54331 28292 28669 27517 16232 12060 26814 20136 5111 10306 5926 6159 11005 7381 17476 13977 23558 3234 1939 1298 1055 1295 7639 8346 14397 12902 4130
cat_boundaries=0 1 2 3
cat_threshold=4 2 1
is_linear=0
shrinkage=0.03


Tree=38
num_leaves=31
num_cat=0
split_feature=0 7 7 22 39 7 39 8 37 40 7 29 7 30 39 29 29 1 13 4 25 23 0 39 23 29 18 17 36 29
split_gain=25559.9 3967.23 2507.27 1433.97 1182.98 1138.82 663.547 645.012 541.658 500.333 418.497 447.393 378.176 363.244 354.595 350.929 279.228 250.499 236.871 217.15 216.806 210.736 199.856 197.151 181.698 179.951 179.032 194.974 176.813 173.186
threshold=1.0000000180025095e-35 4.5900000000000016 0.71000000000000019 0.70833333333333337 0.33364211360270818 2.5550000000000006 0.24360398167292707 56.416666666666679 0.90440377504321179 223.22000000000017 11.090000000000003 2.5000000000000004 0.48000000000000009 3.9000000000000004 0.35975309550754647 3.5000000000000004 2.5000000000000004 7.8333333333333348 0.31450000000000011 8.1841151549180768 1.0000000180025095e-35 0.77500000000000013 -1.4999999999999998 0.38457983440714744 8.7750000000000021 4.5000000000000009 11.045000000000003 17.100000000000005 2.8213120058654755 2.5000000000000004
decision_type=10 10 8 10 2 10 2 10 2 2 10 10 10 8 2 8 10 10 8 8 10 10 10 2 10 8 10 10 2 10
left_child=2 3 19 5 25 8 -7 9 20 13 11 17 -10 -4 -9 -14 23 24 -12 -1 -2 -18 -16 -8 28 -3 27 -13 -6 -5
right_child=1 4 7 29 10 6 16 14 12 -11 18 26 15 -15 22 -17 21 -19 -20 -21 -22 -23 -24 -25 -26 -27 -28 -29 -30 -31
leaf_value=-0.008568210352239208 0.013564637038043687 0.019188458611910344 -0.006614334459435673 0.02968417828899032 0.031220970335317549 0.0053287258888718219 0.013276450372743784 0.0018032643964403378 -0.0038727665734911315 0.011068695931774017 0.086321539003156908 0.00045196252354120803 0.0080280600868583869 0.0035648804276817141 -0.024185049933137245 0.00046540182871706936 0.0087823370522250935 0.054771706633185618 0.04449852440279068 -0.011627361002956738 0.051967555941456418 0.021638501519217142 0.01844408413428188 0.022408237801169784 0.087685229140851237 0.0090130047536856849 0.018934024054614498 0.042731498630856131 0.053720698876037115 0.018948169327275641
leaf_weight=30281 3863 4593 14000 2739 5910 6773 3063 3087 5630 2125 152 118 13006 4073 103 9597 5108 509 615 67290 137 1480 2536 6969 54 2372 3285 584 332 2671
leaf_count=30281 3863 4593 14000 2739 5910 6773 3063 3087 5630 2125 152 118 13006 4073 103 9597 5108 509 615 67290 137 1480 2536 6969 54 2372 3285 584 332 2671
internal_value=6.85424e-05 0.0133294 -0.00847459 0.00963884 0.0254897 0.00820481 0.0132435 -0.00018169 0.00454799 -0.00270125 0.0313746 0.0298528 0.00308418 -0.00432031 0.00870587 0.00481703 0.0164689 0.0345283 0.0527868 -0.010678 0.0148799 0.0116705 0.0167803 0.0196201 0.0328917 0.0157231 0.0218728 0.0356247 0.0324177 0.0243836
internal_weight=203055 79560 123495 61036 18524 55626 23393 25924 32233 20198 11559 10792 28233 18073 5726 22603 16620 6805 767 97571 4000 6588 2639 10032 6296 6965 3987 702 6242 5410
internal_count=203055 79560 123495 61036 18524 55626 23393 25924 32233 20198 11559 10792 28233 18073 5726 22603 16620 6805 767 97571 4000 6588 2639 10032 6296 6965 3987 702 6242 5410
is_linear=0
shrinkage=0.03


Tree=39
num_leaves=31
num_cat=0
split_feature=0 26 7 24 0 29 38 8 24 17 25 38 29 27 24 8 17 39 36 39 18 8 23 29 7 18 0 37 8 6
split_gain=23905.1 4180.66 2305.81 1474.92 1156.12 757.54 563.656 470.061 472.718 448.959 412.32 397.067 382.45 355.17 466.42 297.66 275.791 263.331 259.493 245.085 238.701 228.115 227.458 233.199 220.248 208.046 297.269 259.876 214.53 221.512
threshold=1.0000000180025095e-35 11.583341987935325 0.71000000000000019 6.9500000000000011 1.5000000000000002 3.5000000000000004 0.20163930889678466 83.416666666666671 4.9500000000000011 7.2250000000000005 1.0000000180025095e-35 0.40885079961216003 1.5000000000000002 -8.4999999999999982 11.450000000000001 52.833333333333336 11.633333333333335 0.28302851567960113 1.7033520118331025 0.86697371621784303 0.045000000000000005 89.833333333333357 4.9000000000000012 2.5000000000000004 4.222500000000001 8.7225000000000037 1.5000000000000002 1.3519849816756235 77.833333333333357 0.70833333333333337
decision_type=10 10 8 2 10 8 2 10 2 10 8 2 8 8 2 10 10 2 2 2 10 10 10 8 10 10 10 2 10 10
left_child=2 4 -1 5 15 16 -4 8 -8 22 19 20 -12 -10 -15 -2 21 -11 -14 -5 -7 -3 23 -6 -22 26 -20 28 -27 -30
right_child=1 3 6 10 9 11 7 -9 13 17 12 -13 18 14 -16 -17 -18 -19 25 -21 24 -23 -24 -25 -26 27 -28 -29 29 -31
leaf_value=-0.010285835532660208 -0.0013026343568175573 0.014077580299251088 -0.0067041888740780146 0.025923727409674739 0.012743740123893479 0.020404926336617116 -0.0040982916819455499 0.021005837114517697 0.0011454520644377947 0.010354002134271846 0.12317733260393143 0.027830315242776165 0.027682809441806819 0.011936654889374648 0.097685949265443051 0.0066666642443134541 0.02677482489804333 0.020153973172745102 0.01315154867984776 0.089614770623770629 0.0036897695444232824 0.02245661873718487 0.023330719791882847 0.0037754855130136141 0.013457097580784809 0.021995142255677464 0.095388905685395001 0.101942999381572 0.063268577493398995 0.036069010699934817
leaf_weight=97335 13381 5364 8134 4789 3739 1510 7382 1196 5256 4367 50 1171 1058 3638 58 6160 5511 5674 53 55 5343 6429 766 8638 3400 421 156 64 454 663
leaf_count=97335 13381 5364 8134 4789 3739 1510 7382 1196 5256 4367 50 1171 1058 3638 58 6160 5511 5674 53 55 5343 6429 766 8638 3400 421 156 64 454 663
internal_value=0.000101138 0.0129541 -0.00817667 0.0204115 0.00658487 0.0172762 -0.000177316 0.00285118 0.00152187 0.0111155 0.032014 0.0112806 0.0409205 0.00615637 0.0132823 0.00120956 0.0212345 0.0158918 0.039487 0.0266469 0.00939042 0.0186454 0.00746655 0.00648473 0.00748811 0.046383 0.0745345 0.0427104 0.0402455 0.0471242
internal_weight=202215 79216 122999 36491 42725 28728 25664 17530 16334 23184 7763 11424 2919 8952 3696 19541 17304 10041 2869 4844 10253 11793 13143 12377 8743 1811 209 1602 1538 1117
internal_count=202215 79216 122999 36491 42725 28728 25664 17530 16334 23184 7763 11424 2919 8952 3696 19541 17304 10041 2869 4844 10253 11793 13143 12377 8743 1811 209 1602 1538 1117
is_linear=0
shrinkage=0.03


Tree=40
num_leaves=31
num_cat=3
split_feature=7 26 0 0 24 3 37 24 38 29 29 3 39 39 9 24 41 24 23 38 17 41 3 22 41 17 38 40 14 29
split_gain=22473.9 2740.56 2689.25 1627.96 937.011 722.552 706.206 539.155 505.44 435.492 431.578 422.156 402.194 376.31 387.916 312.053 577.24 320.868 298.773 296.012 295.874 427.521 282.336 278.14 247.298 244.617 243.304 232.29 222.428 221.7
threshold=1.4100000000000004 13.052402179912034 1.0000000180025095e-35 1.5000000000000002 8.4500000000000011 1.5469208211143697 2.1090901779039295 7.4500000000000011 0.45701179113438589 3.5000000000000004 2.5000000000000004 0.46291208791208799 0.34403279906246165 0.22339212866776217 81.90000000000002 4.0500000000000007 0 4.5500000000000007 10.366666666666669 0.43216719457252822 18.100000000000005 1 5.8355855855855863 0.22500000000000003 2 6.4500000000000011 0.1678685431712594 184.87000000000003 0.29225000000000007 1.5000000000000002
decision_type=10 10 8 10 2 10 2 2 2 8 10 10 2 2 10 2 1 2 10 2 10 1 10 10 1 10 2 2 10 10
left_child=2 3 11 13 8 7 10 15 9 28 12 -1 -5 -2 19 -4 26 -18 20 -15 21 -14 -6 -7 -8 -23 -17 -13 -3 -30
right_child=1 4 5 6 22 23 24 -9 -10 -11 -12 27 18 14 -16 16 17 -19 -20 -21 -22 25 -24 -25 -26 -27 -28 -29 29 -31
leaf_value=-0.010562379220034853 -0.0017139843568028592 0.020394721118495895 -0.013858123346946916 0.012376676408499071 0.032105093570044325 0.0095052277660268025 -0.0090365280319859853 0.030921877906442258 0.035330525641696135 0.011144500700058041 0.011945687617966683 -0.0070575338922140305 0.027709371455285146 0.0026992313461291989 0.015472599756689286 -0.0042678794917294085 -0.011999670394883186 -0.00098979718751761553 0.09510759923415367 0.015125349771785144 0.031733798112697699 0.0052195411441753568 0.051838476619366983 0.030417986161627227 0.007355289257344199 0.019049272019548598 0.010931819365614687 0.0022029965811541713 0.088574481971473204 0.030967766772160711
leaf_weight=82609 6873 6830 1702 4986 1732 3561 1119 470 1823 4675 12307 19030 3528 12725 3518 1215 3371 8123 51 1996 2354 1824 1047 682 3110 3120 4310 2796 63 1318
leaf_count=82609 6873 6830 1702 4986 1732 3561 1119 470 1823 4675 12307 19030 3528 12725 3518 1215 3371 8123 51 1996 2354 1824 1047 682 3110 3120 4310 2796 63 1318
internal_value=0.000126049 0.013164 -0.00752108 0.0100016 0.0235636 0.00166338 0.0144453 -0.000813589 0.0205452 0.0184535 0.0161614 -0.00958197 0.0194321 0.00426849 0.00652286 -0.00161032 -0.000385472 -0.00421514 0.0226663 0.00438407 0.0223251 0.0197108 0.0395397 0.0128666 0.00301401 0.0139189 0.00757555 -0.00587122 0.022615 0.0335957
internal_weight=202868 74999 127869 57511 17488 23434 32399 19191 14709 12886 28170 104435 15863 25112 18239 18721 17019 11494 10877 14721 10826 8472 2779 4243 4229 4944 5525 21826 8211 1381
internal_count=202868 74999 127869 57511 17488 23434 32399 19191 14709 12886 28170 104435 15863 25112 18239 18721 17019 11494 10877 14721 10826 8472 2779 4243 4229 4944 5525 21826 8211 1381
cat_boundaries=0 1 2 3
cat_threshold=3 3 2
is_linear=0
shrinkage=0.03


Tree=41
num_leaves=31
num_cat=1
split_feature=8 8 26 24 38 24 7 29 27 8 14 39 8 9 32 24 17 24 41 25 29 22 39 35 23 40 28 39 33 8
split_gain=21215.1 2769.91 2465.46 1293.87 866.349 666.245 663.229 615.672 366.375 363.31 355.152 319.768 329.006 292.197 288.381 285.215 266.376 229.376 226.598 224.757 219.292 209.013 195.689 186.116 182.845 180.103 167.349 165.962 159.272 157.707
threshold=36.416666666666679 6.166666666666667 12.627819483735417 8.4500000000000011 0.12090875367959759 5.8500000000000005 2.8633333333333342 3.5000000000000004 1689.5000000000002 89.833333333333357 0.28225000000000006 0.77780325173999332 81.833333333333357 1.0000000180025095e-35 2.2240000000000006 4.5500000000000007 20.225000000000005 11.250000000000002 0 1.0000000180025095e-35 3.5000000000000004 0.22500000000000003 0.62220007323212134 1.0000000180025095e-35 9.3666666666666689 270.69000000000011 1.0000000180025095e-35 0.63705703239182032 1.4500000000000002 85.166666666666671
decision_type=10 8 10 2 2 2 10 10 8 10 10 2 10 10 10 2 10 2 1 8 10 10 2 2 10 2 2 2 10 10
left_child=1 13 4 7 18 15 9 10 25 -6 11 12 -4 -1 19 -3 20 -10 -2 -5 24 -11 -15 26 -8 -7 27 -21 -13 -9
right_child=2 5 3 14 6 8 16 29 17 21 -12 28 -14 22 -16 -17 -18 -19 -20 23 -22 -23 -24 -25 -26 -27 -28 -29 -30 -31
leaf_value=-0.010277935120980061 -0.0076745931230741537 -0.0051035535949753288 0.011705411019864597 0.031392005254267212 0.0045543366203747229 0.0031266004719367 0.01401393224248172 0.0023555271651283546 0.019658665803639851 0.010398316777926226 0.03407697710364662 0.073149571246840059 0.022160984764347677 -0.0073044558982027349 0.10952502268384087 0.0012190050047539251 0.021190677395492529 0.078521627183522902 0.0037665226687748077 0.051223939309594006 0.0047407199401803945 0.024017962506721384 0.0018167175690911377 0.012412121834517535 0.03941106599812897 0.023274427518560046 0.063495168856164394 0.016413443866422621 0.032914152100042497 0.01373284034466256
leaf_weight=82412 2521 11193 4030 1593 13978 3967 13612 1852 1527 4432 1832 100 8261 15819 53 15063 4620 62 4043 406 2442 1315 2444 118 260 444 572 177 773 2688
leaf_count=82412 2521 11193 4030 1593 13978 3967 13612 1852 1527 4432 1832 100 8261 15819 53 15063 4620 62 4043 406 2442 1315 2444 118 260 444 572 177 773 2688
internal_value=-3.75766e-05 -0.00706586 0.0133709 0.0215545 0.00947956 0.000584759 0.0111122 0.0187709 0.00960403 0.00716499 0.0217012 0.0199789 0.0187328 -0.0095171 0.0401844 -0.00147632 0.0148315 0.0219554 -0.000633559 0.0389021 0.0130306 0.0135147 -0.00608384 0.0483001 0.0144899 0.00515463 0.0519665 0.0406554 0.037523 0.0090917
internal_weight=202609 132931 69678 22455 47223 32256 40659 19536 6000 19725 14996 13164 12291 100675 2919 26256 20934 1589 6564 2866 16314 5747 18263 1273 13872 4411 1155 583 873 4540
internal_count=202609 132931 69678 22455 47223 32256 40659 19536 6000 19725 14996 13164 12291 100675 2919 26256 20934 1589 6564 2866 16314 5747 18263 1273 13872 4411 1155 583 873 4540
cat_boundaries=0 1
cat_threshold=2
is_linear=0
shrinkage=0.03


Tree=42
num_leaves=31
num_cat=1
split_feature=0 26 8 24 0 29 24 36 27 17 8 24 8 24 9 8 28 36 8 40 24 26 23 29 41 24 34 24 8 29
split_gain=20418.2 3440.01 1862.44 1243.67 974.47 615.071 566.854 521.624 460.694 444.594 418.81 412.512 403.693 291.391 281.373 264.841 287.593 247.042 238.531 236.77 220.195 281.818 218.342 205.686 271.666 204.223 203.326 199.516 196.798 193.05
threshold=1.0000000180025095e-35 11.61184276738479 7.8333333333333348 6.2500000000000009 1.5000000000000002 2.5000000000000004 4.9500000000000011 1.7763443182525525 -8.4999999999999982 8.9000000000000021 61.583333333333336 11.450000000000001 85.416666666666671 7.8500000000000005 9.4500000000000011 81.833333333333357 1.0000000180025095e-35 1.6033302888237173 86.166666666666671 259.76000000000016 4.6500000000000012 11.264957571156396 8.9000000000000021 2.5000000000000004 0 4.0500000000000007 2.0545000000000004 4.0500000000000007 50.833333333333336 3.5000000000000004
decision_type=10 8 8 2 8 8 2 2 8 10 10 2 10 2 10 10 2 2 10 2 2 10 10 8 1 2 10 2 10 10
left_child=2 4 20 5 14 27 10 18 19 22 25 17 -7 -9 -2 16 -15 -10 -5 -8 -1 -22 23 24 -6 -4 -17 -3 -21 -11
right_child=1 3 6 7 9 12 8 13 11 29 -12 -13 -14 15 -16 26 -18 -19 -20 28 21 -23 -24 -25 -26 -27 -28 -29 -30 -31
leaf_value=-0.01043535351784794 -0.0049585890524420613 -0.0014630785573543313 -0.015763488557848825 0.015801026455502673 0.0052707286699513562 0.0062156062538081674 -0.0028012243073695896 0.02673335204383424 0.0047396574386660874 0.018220933844523224 0.0085193893201393634 0.086313141268176533 0.015675986619261478 0.015250085510601931 0.0033924527348820773 0.046493596645765363 0.042678538603116482 0.018106387513842356 0.027999533596551277 0.0079420248228980559 -0.0084763915671310086 -9.3444959012116175e-05 0.033246850520111879 0.0044939815863033594 0.020367100205507787 -0.0047982928857913734 0.087448558649513869 0.022865387449000192 0.049212751917869099 0.0073888381668194931
leaf_weight=64938 4780 316 1786 3511 2355 6950 5649 2760 3013 6711 1968 65 9761 578 15108 1201 850 2120 2449 490 28482 4133 286 10420 1998 10610 120 7598 132 1900
leaf_count=64938 4780 316 1786 3511 2355 6950 5649 2760 3013 6711 1968 65 9761 578 15108 1201 850 2120 2449 490 28482 4133 286 10420 1998 10610 120 7598 132 1900
internal_value=0.000115184 0.0119558 -0.00752856 0.0188047 0.00628057 0.0150043 -0.000366093 0.0269645 0.00460721 0.0103937 -0.00433705 0.0112113 0.0117415 0.0336192 0.00138531 0.0405325 0.0315765 0.0102603 0.0208135 -0.000866918 -0.00942525 -0.0074141 0.00728457 0.00678195 0.0122588 -0.00637814 0.050214 0.021894 0.0167004 0.0158309
internal_weight=203038 79652 123386 36094 43558 24625 25833 11469 11469 23670 14364 5198 16711 5509 19888 2749 1428 5133 5960 6271 97553 32615 15059 14773 4353 12396 1321 7914 622 8611
internal_count=203038 79652 123386 36094 43558 24625 25833 11469 11469 23670 14364 5198 16711 5509 19888 2749 1428 5133 5960 6271 97553 32615 15059 14773 4353 12396 1321 7914 622 8611
cat_boundaries=0 1
cat_threshold=4
is_linear=0
shrinkage=0.03


Tree=43
num_leaves=31
num_cat=3
split_feature=0 3 24 7 29 37 37 22 13 9 9 4 24 11 3 28 29 24 1 24 41 39 7 41 39 29 37 41 13 34
split_gain=18884.6 3391.91 1635.62 1618.12 770.579 698.36 533.612 465.919 456.363 412.201 369.45 339.191 313.841 344.803 311.182 305.429 281.104 292.876 262.498 258.57 288.84 244.225 232.936 257.102 310.492 286.064 229.958 228.899 222.438 214.643
threshold=1.0000000180025095e-35 1.5931712962962965 6.0500000000000007 0.69000000000000017 2.5000000000000004 1.9415523018028404 1.5074914624388904 1.0000000180025095e-35 0.063997000000000012 9.4500000000000011 69.225000000000009 2.6089411995809328 4.9500000000000011 17.500000000000004 4.3380952380952387 1.0000000180025095e-35 3.5000000000000004 8.5500000000000025 7.8333333333333348 8.2500000000000018 0 0.86697371621784303 7.5633333333333352 1 0.4288766712501198 2.5000000000000004 0.66930489202251098 2 0.19900000000000004 1.7445000000000002
decision_type=10 10 2 8 8 2 2 10 10 10 10 10 2 8 10 2 10 2 10 2 1 2 10 1 2 10 2 1 8 8
left_child=3 9 5 -1 11 7 10 8 22 -2 12 -4 -5 26 -6 -16 17 -11 21 20 -15 28 23 24 -3 -26 -14 -7 -13 -30
right_child=1 2 4 6 14 27 -8 -9 -10 16 -12 18 13 19 15 -17 -18 -19 -20 -21 -22 -23 -24 -25 25 -27 -28 -29 29 -31
leaf_value=-0.0091370419062712493 -0.0051229094737085396 0.010116763691380407 0.090677829067193974 -0.0041904563052108179 0.015867504791217568 -0.0038779673455789469 -0.0062946112636189638 0.024061634653305641 0.022456655707186766 0.0059865432521291218 0.01382590445623047 0.020356406056982704 0.022413317822652483 0.0281049515759146 0.018909889775622586 0.037002986726315953 -0.0018960128269227767 0.056014010209748347 0.05795777220428789 0.050034907807617685 0.0040594922278019453 0.076936669770914762 0.030022109422269603 0.0077019273313168445 0.023885592414451148 0.0082306927160643757 -0.00092633039796342063 0.0077887751538681044 0.078310222711194963 0.033842377007327964
leaf_weight=96915 5006 7564 97 6352 6117 2252 9757 4020 4062 16410 2260 1307 410 654 1831 1551 4867 106 373 172 1429 104 602 10861 3834 1447 5180 4585 102 2314
leaf_count=96915 5006 7564 97 6352 6117 2252 9757 4020 4062 16410 2260 1307 410 654 1831 1551 4867 106 373 172 1429 104 602 10861 3834 1447 5180 4585 102 2314
internal_value=8.25752e-06 0.0114149 0.0157889 -0.00734842 0.0246736 0.0126641 -0.000735767 0.0145032 0.0131488 0.00262623 0.00255995 0.0352153 0.000766542 0.00478016 0.019905 0.0272075 0.00444039 0.00630762 0.0339344 0.0146826 0.0117635 0.0315929 0.0115934 0.0111254 0.0140031 0.0195961 0.000785522 0.00395165 0.0303263 0.0357197
internal_weight=202541 79412 53023 123129 13796 39227 26214 32390 28370 26389 16457 4297 14197 7845 9499 3382 21383 16516 4200 2255 2083 3827 24308 23706 12845 5281 5590 6837 3723 2416
internal_count=202541 79412 53023 123129 13796 39227 26214 32390 28370 26389 16457 4297 14197 7845 9499 3382 21383 16516 4200 2255 2083 3827 24308 23706 12845 5281 5590 6837 3723 2416
cat_boundaries=0 1 2 3
cat_threshold=3 10 2
is_linear=0
shrinkage=0.03


Tree=44
num_leaves=31
num_cat=2
split_feature=0 3 19 24 29 24 29 8 9 29 28 3 8 22 41 4 23 17 39 24 39 40 40 11 17 8 24 41 29 37
split_gain=17529 3156.07 1615.29 1409.88 611.331 552.295 508.812 495.967 480.006 411.607 359.095 370.29 353.853 316.32 309.375 305.689 293.526 320.623 281.065 278.121 266.833 305.655 258.508 244.847 243.396 231.455 230.582 262.392 225.046 224.281
threshold=1.0000000180025095e-35 1.819805194805195 1.5800000000000003 6.0500000000000007 2.5000000000000004 4.9500000000000011 2.5000000000000004 74.833333333333357 9.4500000000000011 2.5000000000000004 1.0000000180025095e-35 4.3380952380952387 53.416666666666679 0.45000000000000007 0 2.7002755664421314 5.1000000000000005 17.100000000000005 0.21222900793307273 10.050000000000002 0.46265477693554419 48.284999999999975 241.4250000000001 19.500000000000004 7.4500000000000011 78.166666666666671 11.750000000000002 1 1.5000000000000002 1.1862362892754532
decision_type=10 10 8 2 8 2 8 10 10 10 2 10 8 10 1 10 10 8 2 2 2 2 2 10 10 10 2 1 10 2
left_child=2 8 -1 4 20 7 15 -4 -2 14 25 -12 22 16 24 -5 17 -6 -16 -17 -3 -22 23 -7 -10 -8 27 -14 -23 -9
right_child=1 3 5 6 13 12 10 29 9 -11 11 -13 26 -15 18 19 -18 -19 -20 -21 21 28 -24 -25 -26 -27 -28 -29 -30 -31
leaf_value=-0.0090040205004757977 -0.0047034740486931442 0.013846131164015623 -0.00620137363105652 0.091666660405955142 0.005697744209880588 -0.00380273643594393 0.007657671741651737 0.031541892529873827 0.00030342970685646211 0.0014320080081661702 0.019597083027871942 0.037915938241515248 0.017438142985136327 0.018779807353508329 -0.0017058289786234799 0.028775010460110204 0.019795891269739609 0.015715285671985296 0.016008841701216543 0.052753878158560363 0.041160877577588462 0.041287644588737744 0.013220716236985765 0.036905296442906972 0.013342542818684262 0.020621862243126649 0.068633749217300088 0.0036856941071926569 0.018350509939106443 0.0051346061899017435
leaf_weight=93909 5286 5291 15311 78 15626 5983 2270 367 4348 12879 2584 1613 2030 3207 938 3559 1937 3524 5732 496 746 424 1049 136 1831 2730 59 3266 4183 1370
leaf_count=93909 5286 5291 15311 78 15626 5983 2270 367 4348 12879 2584 1613 2030 3207 938 3559 1937 3524 5732 496 746 424 1049 136 1831 2730 59 3266 4183 1370
internal_value=-1.06061e-05 0.0109976 -0.00707859 0.0157956 0.0126286 -0.000963969 0.0240963 -0.00447788 0.00353042 0.00522213 0.0201672 0.0266374 0.00381965 0.0100019 0.0090211 0.0328396 0.00866687 0.00754118 0.0134974 0.0317081 0.0186238 0.0233462 -0.000539079 -0.00289797 0.00416053 0.0147361 0.00965407 0.00899701 0.0204615 0.010714
internal_weight=202762 79282 123480 48268 34938 29571 13330 17048 31014 25728 9197 4197 12523 24294 12849 4133 21087 19150 6670 4055 10644 5353 7168 6119 6179 5000 5355 5296 4607 1737
internal_count=202762 79282 123480 48268 34938 29571 13330 17048 31014 25728 9197 4197 12523 24294 12849 4133 21087 19150 6670 4055 10644 5353 7168 6119 6179 5000 5355 5296 4607 1737
cat_boundaries=0 1 2
cat_threshold=4 3
is_linear=0
shrinkage=0.03


Tree=45
num_leaves=31
num_cat=4
split_feature=8 0 39 17 3 39 3 26 8 38 41 13 8 29 39 27 8 14 38 40 41 0 17 41 17 32 17 31 8 41
split_gain=16566.5 2996.22 1524.49 860.289 628.666 487.898 476.79 417.917 409.508 309.437 302.777 292.67 259.302 241.583 228.601 217.788 213.8 212.5 256.352 237.472 212.473 211.521 201.29 183.775 175.671 171.022 163.866 162.757 160.364 177.04
threshold=50.416666666666679 1.0000000180025095e-35 0.33138073110030902 20.450000000000003 2.101724137931035 0.091926655410698763 0.70479302832244028 11.61184276738479 77.833333333333357 0.20868312911663353 0 0.04807800000000001 82.833333333333357 2.5000000000000004 0.54915044720485084 2.5000000000000004 10.833333333333334 0.23831000000000005 0.32475699862437712 120.97500000000004 1 12.500000000000002 5.9000000000000012 2 21.100000000000005 1.8630000000000002 3.9000000000000004 3.1000000000000005 87.166666666666671 3
decision_type=10 8 2 10 10 2 10 10 10 2 1 10 10 10 2 10 8 10 2 2 1 10 10 1 10 10 10 10 10 1
left_child=1 6 5 7 9 23 -1 13 -7 26 -10 24 -5 20 -6 -8 -11 18 19 27 22 -16 -4 -2 -12 -14 -3 -9 -20 -30
right_child=2 4 3 12 14 8 15 17 10 16 11 -13 25 -15 21 -17 -18 -19 28 -21 -22 -23 -24 -25 -26 -27 -28 -29 29 -31
leaf_value=-0.0090035760996455098 -0.011956183499776238 -0.0063380136796865744 0.00066691875134050811 0.020130611485315961 0.0080781507351385812 0.0038605367304943897 -0.0050632814900349044 0.013759508388158313 0.019738195380852502 -0.0028709319894198279 0.0063066031940595011 0.019957029191892694 0.029748198632233606 0.0035034982736154973 0.019873769955952365 0.0048787998191507052 0.0050654677472190589 0.029470062646251946 0.015082098157491888 -0.0025065915718813256 0.018008015561081895 0.08087457821247572 0.01418059640932195 0.0025497021181612586 0.018985109778225158 0.053542585696796978 0.0028444024352238533 0.061208681157705454 0.010005564427866844 0.025716902367634804
leaf_weight=88974 1298 6435 1785 3315 3500 8699 19696 4577 3516 4050 9222 2095 3610 3354 1473 2205 12434 1294 3580 887 3985 53 2233 1966 1101 294 2402 66 808 4377
leaf_count=88974 1298 6435 1785 3315 3500 8699 19696 4577 3516 4050 9222 2095 3610 3354 1473 2205 12434 1294 3580 887 3985 53 2233 1966 1101 294 2402 66 808 4377
internal_value=-6.40644e-05 -0.00574142 0.0128548 0.0171035 0.00261106 0.00765141 -0.00802753 0.0146395 0.00909559 0.00068733 0.0119536 0.00972579 0.0263008 0.0102623 0.0123028 -0.00406231 0.00311555 0.0178284 0.0167746 0.0117168 0.0130948 0.0219924 0.00815683 -0.0032477 0.00765883 0.0315401 -0.00384213 0.014434 0.0199656 0.0233374
internal_weight=203284 141222 62062 34165 30347 27897 110875 26946 24633 25321 15934 12418 7219 11357 5026 21901 16484 15589 14295 5530 8003 1526 4018 3264 10323 3904 8837 4643 8765 5185
internal_count=203284 141222 62062 34165 30347 27897 110875 26946 24633 25321 15934 12418 7219 11357 5026 21901 16484 15589 14295 5530 8003 1526 4018 3264 10323 3904 8837 4643 8765 5185
cat_boundaries=0 1 2 3 4
cat_threshold=9 4 2 4
is_linear=0
shrinkage=0.03


Tree=46
num_leaves=31
num_cat=3
split_feature=8 0 24 39 24 3 9 41 24 25 41 3 24 17 37 20 29 26 26 16 29 5 24 41 23 17 26 32 39 8
split_gain=15542.4 2855.57 2060.56 962.771 806.481 532.883 423.676 421.236 411.039 388.394 355.288 353.674 297.525 294.476 276.608 261.746 257.933 251.939 242.312 235.099 231.022 215.836 212.52 386.96 210.419 239.846 203.821 196.04 194.188 182.56
threshold=52.416666666666679 1.0000000180025095e-35 6.2500000000000009 0.228017100192455 5.3500000000000005 1.5303308823529413 1.0000000180025095e-35 0 11.950000000000001 1.0000000180025095e-35 1 1.0597147950089127 12.350000000000003 32.63333333333334 0.73085576374167494 0.95020000000000004 1.5000000000000002 11.80803240405454 13.052402179912034 0.77500000000000013 3.5000000000000004 21.450000000000003 4.0500000000000007 2 4.7750000000000012 5.1000000000000005 13.101365454451352 1.9830000000000003 0.55792939587908463 88.833333333333357
decision_type=10 8 2 2 2 10 10 1 2 8 1 10 2 10 2 8 8 8 10 10 10 10 2 1 10 10 10 10 2 10
left_child=1 6 3 7 11 -5 -1 -2 17 18 -7 22 -11 16 -8 -14 27 -6 -4 26 24 -17 -3 -24 25 -18 -20 -12 -15 -26
right_child=2 4 9 5 8 10 14 -9 -10 12 13 -13 15 28 -16 21 20 -19 19 -21 -22 -23 23 -25 29 -27 -28 -29 -30 -31
leaf_value=-0.0088562763156372713 -0.0025207674817176846 -0.014469428994124157 0.014200784563958393 0.0054480234574968735 0.0046786147059045026 0.021514980630605588 0.0081500965507670265 0.0079012136751758708 0.084818197432905432 0.0301210196764767 0.054603452368881526 0.0043524865604687964 0.015023345467117097 0.028323720891693872 -0.0052957703894983745 0.048057210411016758 0.0077443371780230499 0.013853182493526217 0.077895734107920098 0.080732487707085535 0.0033531572042145383 0.12874588020322178 0.0050561601438468603 -0.0065720878520261075 0.012884510816872948 0.014861745654724583 0.023448572973491715 0.014629869033972363 0.082118763435003045 0.032129987324973963
leaf_weight=82410 6102 1541 3267 7321 6351 5354 1451 8139 64 3825 227 7009 54 280 26995 52 6928 4678 63 68 2464 70 3905 7527 849 11070 3477 215 77 929
leaf_count=82410 6102 1541 3267 7321 6351 5354 1451 8139 64 3825 227 7009 54 280 26995 52 6928 4678 63 68 2464 70 3905 7527 849 11070 3477 215 77 929
internal_value=-7.6033e-05 -0.00551368 0.0126111 0.0100348 0.0025235 0.0126647 -0.00776665 0.00343937 0.00900996 0.0244444 0.0145255 -0.00107746 0.0318759 0.0128863 -0.00460991 0.0700139 0.0124664 0.00857005 0.0201195 0.0254789 0.0120154 0.094354 -0.00401113 -0.00260138 0.0130947 0.012122 0.0244175 0.0351593 0.0399266 0.0229402
internal_weight=202762 141931 60831 49955 31075 35714 110856 14241 11093 10876 28393 19982 4001 23039 28446 176 22682 11029 6875 3608 22240 122 12973 11432 19776 17998 3540 442 357 1778
internal_count=202762 141931 60831 49955 31075 35714 110856 14241 11093 10876 28393 19982 4001 23039 28446 176 22682 11029 6875 3608 22240 122 12973 11432 19776 17998 3540 442 357 1778
cat_boundaries=0 1 2 3
cat_threshold=2 9 3
is_linear=0
shrinkage=0.03


Tree=47
num_leaves=31
num_cat=0
split_feature=0 3 7 24 39 7 37 39 8 25 39 24 24 30 24 8 23 20 1 22 3 17 40 24 4 37 31 33 8 22
split_gain=15100.3 2516.47 1299.61 1116.2 539.63 526.319 457.019 379.071 376.257 314.264 300.226 285.097 269.063 283.284 368.663 252.274 237.946 221.446 248.369 220.615 204.326 203.092 225.838 202.27 200.788 194.671 192.94 188.636 181.718 169.113
threshold=1.0000000180025095e-35 2.0635080645161294 0.8450000000000002 6.2500000000000009 0.228017100192455 1.0550000000000004 0.88627846076043959 0.5909911215623419 89.833333333333357 -1.0000000180025095e-35 0.17334519398436629 4.2500000000000009 6.4500000000000011 0.90000000000000013 8.6500000000000004 85.416666666666671 5.1000000000000005 1.2345000000000004 8.8333333333333339 1.0000000180025095e-35 0.77346041055718484 55.266666666666673 264.93500000000012 4.7500000000000009 2.0404635032150518 1.606012249909982 0.70833333333333337 1.9000000000000001 53.416666666666679 1.9000000000000001
decision_type=10 10 8 2 2 10 2 2 10 10 2 2 2 8 2 10 10 10 10 10 10 10 2 2 10 2 8 10 8 10
left_child=2 5 20 4 -3 19 23 17 11 -9 -7 -8 29 14 -14 -6 -17 18 26 -2 -1 -11 -23 -4 -15 28 -5 -10 -13 -12
right_child=1 3 6 7 15 10 8 9 27 21 12 25 13 24 -16 16 -18 -19 -20 -21 -22 22 -24 -25 -26 -27 -28 -29 -30 -31
leaf_value=-0.0085184033349467864 -0.0014722335622127619 0.00567198244461094 -0.0042126596394773258 0.0042727358719462224 0.01103167657110325 0.00028253339480403968 -0.013929983363400745 0.016798508583965217 0.0084048895775055681 0.0336379022508193 0.0070503312115192153 -0.0029627727751631496 0.0294497134323683 0.049388747929595411 0.10722098599711899 0.016165073429562742 0.03085262613233903 0.034171099024398237 0.044736908044889827 0.022130452986799037 -0.0042746586839302221 0.10010741842080217 0.033085427574076495 0.013755728398854094 0.0084721666750076675 -0.0062075887803157617 0.018460365132913475 0.040948159221137842 0.0047057991667243297 0.023788793662124327
leaf_weight=87730 11321 8099 715 1046 9890 4872 1961 1088 1402 2845 18147 6208 384 120 64 12282 1080 786 283 368 11556 90 91 2667 1074 6032 4922 181 5038 560
leaf_count=87730 11321 8099 715 1046 9890 4872 1961 1088 1402 2845 18147 6208 384 120 64 12282 1080 786 283 368 11556 90 91 2667 1074 6032 4922 181 5038 560
internal_value=5.80012e-05 0.0102637 -0.00650493 0.0152404 0.0123409 0.00453303 -0.000271699 0.0233923 -0.00193308 0.0306264 0.00697186 -0.00308987 0.00857343 0.0202172 0.0405599 0.0146638 0.0173522 0.019163 0.0172759 -0.00072916 -0.00802447 0.0355982 0.0664113 0.00995697 0.0125844 -0.00185955 0.0159737 0.0121259 0.000472606 0.0075514
internal_weight=202902 79412 123490 42502 31351 36910 24204 11151 20822 4114 25221 19239 20349 1642 448 23252 13362 7037 6251 11689 99286 3026 181 3382 1194 17278 5968 1583 11246 18707
internal_count=202902 79412 123490 42502 31351 36910 24204 11151 20822 4114 25221 19239 20349 1642 448 23252 13362 7037 6251 11689 99286 3026 181 3382 1194 17278 5968 1583 11246 18707
is_linear=0
shrinkage=0.03


Tree=48
num_leaves=31
num_cat=0
split_feature=8 24 0 8 8 38 24 0 24 0 23 22 29 24 3 14 36 24 40 37 29 37 27 13 37 36 20 27 24 30
split_gain=14320.3 2361.63 1151.6 927.02 886.177 537.237 512.913 437.913 424.791 413.588 398.525 379.71 288.878 257.417 255.768 251.2 233.962 228.954 210.166 205.653 203.286 201.028 222.293 195.305 194.197 182.973 206.136 174.936 276.001 173.416
threshold=29.166666666666668 5.4500000000000011 1.0000000180025095e-35 76.166666666666671 82.833333333333357 0.1739878583662198 5.7500000000000009 4.5000000000000009 9.8500000000000032 2.5000000000000004 1.7750000000000001 1.1000000000000003 3.5000000000000004 4.0500000000000007 0.31909090909090915 0.30210750000000008 1.8870869634558265 11.550000000000002 187.23499999999993 1.8448156506591746 2.5000000000000004 1.2926851236551398 -23847.499999999996 0.20426500000000006 0.81280671303009278 1.4151489184798463 1.4240200000000003 652.50000000000011 7.4500000000000011 2.1000000000000005
decision_type=10 2 8 10 10 2 2 10 2 10 10 10 10 2 10 10 2 2 2 2 10 2 10 8 2 2 10 8 2 10
left_child=2 3 14 9 7 -5 13 16 12 19 11 20 15 -4 -1 24 17 -3 -16 -2 25 23 -23 -9 -6 26 -7 -8 -29 -10
right_child=1 4 6 5 8 10 27 21 29 -11 -12 -13 -14 -15 18 -17 -18 -19 -20 -21 -22 22 -24 -25 -26 -27 -28 28 -30 -31
leaf_value=-0.0084897362981685865 0.0019384906758782244 0.0067074671634097405 -0.01493471697045678 0.0033808851642226803 0.031433419386394483 0.0098837381444262847 0.0052345322001541555 0.013760007522277112 0.046767293764402883 0.0098795439392477674 0.027562398962609126 0.021170696442049206 0.011833250897515949 -0.00098130444559520452 -0.0060952006890796486 0.037144271554677824 0.0162167120744671 0.066009714182908241 0.0019196002361183931 -0.0051118070363087064 0.0045567331563345507 0.038782862491875153 0.0072614797313387191 0.033121099175139723 0.019435261890297196 0.016188852795044083 -0.011726198364757811 0.0094061678290137153 0.037870459432616799 0.012953064785749644
leaf_weight=77344 15560 8504 1298 7569 1559 4370 2568 671 897 4996 1520 3052 2135 14291 23134 1162 3616 59 3374 4895 4901 244 1152 1557 5488 4825 437 976 447 161
leaf_count=77344 15560 8504 1298 7569 1559 4370 2568 671 897 4996 1520 3052 2135 14291 23134 1162 3616 59 3374 4895 4901 244 1152 1557 5488 4825 437 976 447 161
internal_value=3.16718e-05 0.00997655 -0.00635992 0.00623708 0.0171414 0.0101451 0.000313673 0.0125423 0.0235158 0.00214132 0.0128249 0.011551 0.0216639 -0.00214312 -0.00761815 0.0242206 0.00981809 0.00711607 -0.00507506 0.000251314 0.00953082 0.0216972 0.0127709 0.0272902 0.0220896 0.0120618 0.0079192 0.00991 0.0183475 0.0416217
internal_weight=202762 79330 123432 52125 27205 26674 19580 15803 11402 25451 19105 17585 10344 15589 103852 8209 12179 8563 26508 20455 14533 3624 1396 2228 7047 9632 4807 3991 1423 1058
internal_count=202762 79330 123432 52125 27205 26674 19580 15803 11402 25451 19105 17585 10344 15589 103852 8209 12179 8563 26508 20455 14533 3624 1396 2228 7047 9632 4807 3991 1423 1058
is_linear=0
shrinkage=0.03


Tree=49
num_leaves=31
num_cat=1
split_feature=8 8 24 24 39 24 24 27 14 41 8 8 29 37 24 22 32 27 27 37 35 40 37 37 29 32 40 29 23 17
split_gain=12800.5 2224.85 1528.36 632.23 593.436 487.478 395.963 357.157 315.312 473.128 353.526 305.668 273.374 267.276 264.273 257.621 257.168 233.94 232.166 220.676 215.595 211.189 202.867 196.204 188.306 192.104 188.289 190.44 164.555 160.112
threshold=52.833333333333336 7.166666666666667 5.5500000000000007 4.5500000000000007 0.26445601287424347 8.4500000000000011 7.8500000000000005 10405.500000000002 0.14403300000000005 0 87.833333333333357 87.166666666666671 3.5000000000000004 2.6910960970634106 5.1500000000000012 1.1000000000000003 2.0960000000000005 198.50000000000003 39.500000000000007 0.68300970894545743 1.0000000180025095e-35 318.91500000000002 0.81280671303009278 1.1154947917731619 1.5000000000000002 1.9040000000000004 196.65499999999989 3.5000000000000004 8.9000000000000021 55.266666666666673
decision_type=10 8 2 2 2 2 2 8 10 1 10 10 8 2 2 10 10 8 10 2 2 2 2 2 10 10 2 8 10 10
left_child=1 14 4 -3 13 11 12 21 9 10 -6 29 17 15 -1 -2 20 -5 -16 -9 -7 -8 -13 28 25 -10 27 -24 -12 -4
right_child=2 3 5 6 8 16 7 19 24 -11 23 22 -14 -15 18 -17 -18 -19 -20 -21 -22 -23 26 -25 -26 -27 -28 -29 -30 -31
leaf_value=-0.008088375726172695 0.0033623858802159746 -0.0045706236867054106 0.012513210013762779 0.0029889644733959515 0.0067561206680824392 0.030712662547750388 0.0045326818794499193 0.095933572025461628 0.097798547859614088 0.0040212315021454156 0.020724556664377027 0.033344725946312097 -0.0010811914314669214 -0.0092828020760577848 -0.0047096176572384981 0.015862874244479047 0.088979120564181349 0.011585227682122608 0.012594978223401694 0.032105464953017401 0.002675223234504791 0.046835974946112954 0.026976897745537461 0.012864987616222932 0.018493332859482573 0.029298929326428934 0.0030451776485603591 0.014635500756949712 0.075490280972421164 0.052292060599378916
leaf_weight=85562 12704 12928 8982 11186 5400 2768 1063 55 54 8208 3972 1085 10795 1320 15809 1680 64 3823 730 429 271 118 2377 6082 2668 116 585 2137 50 92
leaf_count=85562 12704 12928 8982 11186 5400 2768 1063 55 54 8208 3972 1085 10795 1320 15809 1680 64 3823 730 429 271 118 2377 6082 2668 116 585 2137 50 92
internal_value=-0.000147516 -0.00505943 0.0113998 0.000900039 0.00825955 0.0186263 0.00347475 0.0176543 0.0109939 0.00986281 0.0129445 0.0164219 0.00255981 0.00363679 -0.00741734 0.0048224 0.0294658 0.00517855 -0.00394583 0.0393587 0.0282124 0.00875943 0.0215654 0.0162646 0.020444 0.0510576 0.0190589 0.0211343 0.0214054 0.0129165
internal_weight=203113 142498 60615 40397 42254 18361 27469 1665 26550 23712 15504 15258 25804 15704 102101 14384 3103 15009 16539 484 3039 1181 6184 10104 2838 170 5099 4514 4022 9074
internal_count=203113 142498 60615 40397 42254 18361 27469 1665 26550 23712 15504 15258 25804 15704 102101 14384 3103 15009 16539 484 3039 1181 6184 10104 2838 170 5099 4514 4022 9074
cat_boundaries=0 1
cat_threshold=3
is_linear=0
shrinkage=0.03


Tree=50
num_leaves=31
num_cat=2
split_feature=0 3 24 3 41 24 39 39 29 39 7 27 8 23 18 37 29 20 32 41 14 37 28 3 31 18 30 18 36 31
split_gain=12295.5 2246.42 1307.97 1172.2 539.12 476.996 428.967 368.361 324.955 286.9 263.785 262.361 259.599 241.717 242.249 250.52 230.01 213.82 224.673 211.407 272.581 210.09 238.85 269.495 228.949 213.925 205.711 194.193 185.248 171.629
threshold=1.0000000180025095e-35 1.5931712962962965 6.2500000000000009 1.0597147950089127 0 9.8500000000000032 0.17123560738928825 0.6169141898522964 3.5000000000000004 0.39560810142339936 0.34500000000000008 -11.499999999999998 57.833333333333336 5.1000000000000005 19.590000000000007 1.0843379504385371 2.5000000000000004 1.4240200000000003 1.8745000000000003 1 0.33077800000000007 1.2179186739370882 1.0000000180025095e-35 5.1449579831932786 2.1000000000000005 40.010000000000012 2.1000000000000005 4.5225000000000017 2.7120418380785183 0.90000000000000013
decision_type=10 10 2 8 1 2 2 2 10 2 10 10 10 10 10 2 8 10 10 1 10 2 2 10 8 10 10 10 2 10
left_child=3 10 4 -1 -3 8 27 12 17 -7 -2 -9 -5 14 15 19 -12 -4 -19 20 -8 22 -11 28 25 29 -23 -6 -24 -25
right_child=1 2 5 7 6 9 13 11 -10 21 16 -13 -14 -15 -16 -17 -18 18 -20 -21 -22 26 23 24 -26 -27 -28 -29 -30 -31
leaf_value=-0.0075501101832432006 -0.0046228924744387816 0.016918060707888028 0.02046396474574284 -0.0033720631966210903 -0.0085871158190115177 0.0085024930458866346 0.0052563274976978394 0.0043287498221659237 0.0084538912415594424 0.022966572327596933 0.0078615626489163624 0.024378008411780554 0.005176818248575717 0.019408034983238273 0.015807053154948784 0.0054318637479452 0.0012526037902431807 0.029755266799773205 0.079817754639504107 0.017126303864415122 0.065549269998851023 0.094654194840182684 0.011244911623768287 0.039648406652372271 0.005291019886169793 0.02237106621523316 0.023961180879010096 0.0041684888549225543 0.070527605588638007 0.093832654866446957
leaf_weight=96014 4499 8389 7883 19238 1495 287 3073 3335 2127 582 6949 713 3834 2211 4014 13901 14905 328 107 3832 69 118 202 67 53 65 54 3816 62 245
leaf_count=96014 4499 8389 7883 19238 1495 287 3073 3335 2127 582 6949 713 3834 2211 4014 13901 14905 328 107 3832 69 118 202 67 53 65 54 3816 62 245
internal_value=-6.03533e-05 0.00915007 0.0127105 -0.00599446 0.010135 0.0213377 0.00837152 -0.000486944 0.0189181 0.0359043 0.00199225 0.00786015 -0.00195145 0.00990199 0.00905752 0.00775967 0.00335408 0.0215939 0.0420695 0.0123996 0.00655952 0.0413355 0.0371401 0.0490262 0.0636744 0.0718821 0.0724599 0.000577898 0.0251674 0.0821969
internal_weight=202467 79333 52980 123134 40800 12180 32411 27120 10445 1735 26353 4048 23072 27100 24889 20875 21854 8318 435 6974 3142 1448 1276 694 430 377 172 5311 264 312
internal_count=202467 79333 52980 123134 40800 12180 32411 27120 10445 1735 26353 4048 23072 27100 24889 20875 21854 8318 435 6974 3142 1448 1276 694 430 377 172 5311 264 312
cat_boundaries=0 1 2
cat_threshold=9 4
is_linear=0
shrinkage=0.03


Tree=51
num_leaves=31
num_cat=3
split_feature=0 3 24 19 29 29 38 9 24 27 37 29 9 0 26 26 12 42 4 24 4 19 41 1 41 17 42 24 41 36
split_gain=11722.6 2221.41 1074.94 1052.11 499.106 469.086 393.909 359.248 314.691 325.798 314.458 313.403 303.725 255.756 255.215 247.238 245.848 238.792 228.763 225.349 246.169 227.336 220.727 214.473 195.178 197.5 193.973 193.081 259.536 191.315
threshold=1.0000000180025095e-35 1.819805194805195 6.0500000000000007 1.5800000000000003 3.5000000000000004 2.5000000000000004 0.20163930889678466 9.4500000000000011 4.9500000000000011 -12.499999999999998 0.73085576374167494 3.5000000000000004 63.100000000000009 1.5000000000000002 14.730107856673813 9.9346712472227789 0.14225000000000002 29.500000000000004 2.7500616067028099 9.8500000000000032 4.7936534732884288 24.980000000000008 0 9.1666666666666696 1 7.4500000000000011 7.5000000000000009 7.9500000000000011 2 1.8024612964092637
decision_type=10 10 2 8 8 8 2 10 2 8 2 10 10 10 10 10 10 2 10 2 10 10 1 10 1 10 2 2 1 2
left_child=3 7 4 -1 13 18 -5 -2 -8 14 26 24 -7 -3 -10 -15 -17 -18 -4 -14 -21 -22 -12 -20 25 -9 -6 28 -11 -23
right_child=1 2 5 6 10 12 8 11 9 27 22 -13 19 15 -16 16 17 -19 23 20 21 29 -24 -25 -26 -27 -28 -29 -30 -31
leaf_value=-0.0073184957337108355 -0.0044431460300430915 0.0075982909447023196 0.073965223276493491 -0.0058840072702901263 0.077473605366187623 0.0083054497483657213 -0.0020496213706338571 0.00011095031496925161 -2.668519095157048e-05 0.019767626746002822 0.012488491185809462 -0.0019020986790933326 0.017789604821907137 0.0053776478186920943 0.051759574864188147 0.015378628784986406 0.020875093365942291 0.048587795118706256 0.026095349524605228 0.088706187753431379 0.0077651532775369183 0.017763262075424509 0.0034358626878841776 0.059960650406269862 0.0088294492587568107 0.0094622271590366677 0.02267704771923023 0.033123418078521046 0.0034317248025430456 0.053578147183457187
leaf_weight=93806 5209 5231 98 9447 71 2821 10506 6802 5514 1447 3079 5880 5426 1969 87 11801 978 392 3851 68 290 213 11405 176 10385 2899 321 354 2229 363
leaf_count=93806 5209 5231 98 9447 71 2821 10506 6802 5514 1447 3079 5880 5426 1969 87 11801 978 392 3851 68 290 213 11405 176 10385 2899 321 354 2229 363
internal_value=3.04883e-05 0.00899639 0.013009 -0.0057628 0.0102663 0.0202741 -0.000829937 0.00274704 0.00154111 0.00545807 0.00608882 0.00418946 0.0164985 0.013317 0.000777708 0.0152929 0.0167751 0.0288046 0.0286775 0.0201325 0.0337434 0.0294276 0.00537126 0.0275754 0.00597271 0.00290245 0.0326019 0.011963 0.00992521 0.0403341
internal_weight=203118 79728 48553 123390 35247 13306 29584 31175 20137 9631 14876 25966 9181 20371 5601 15140 13171 1370 4125 6360 934 866 14484 4027 20086 9701 392 4030 3676 576
internal_count=203118 79728 48553 123390 35247 13306 29584 31175 20137 9631 14876 25966 9181 20371 5601 15140 13171 1370 4125 6360 934 866 14484 4027 20086 9701 392 4030 3676 576
cat_boundaries=0 1 2 3
cat_threshold=9 4 3
is_linear=0
shrinkage=0.03


Tree=52
num_leaves=31
num_cat=2
split_feature=8 8 24 24 38 41 8 24 8 3 37 29 29 13 41 34 24 30 38 37 29 18 42 32 38 17 34 38 3 35
split_gain=11048.1 1882.78 1327.76 605.945 572.842 480.091 479.367 386.602 334.697 288.378 282.108 278.699 261.28 256.123 243.504 241.972 212.006 299.156 201.218 198.867 193.8 197.703 191.773 275.553 181.484 174.078 189.21 236.185 177.751 167.004
threshold=52.416666666666679 8.1666666666666696 5.4500000000000011 5.0500000000000007 0.17898463644359019 0 89.166666666666671 7.9500000000000011 81.166666666666671 1.10960960960961 1.0326207049619489 2.5000000000000004 3.5000000000000004 0.052070000000000012 1 2.0260000000000002 7.8500000000000005 0.63333333333333341 0.14555272273998962 2.2918824651021432 2.5000000000000004 12.145000000000001 6.5000000000000009 2.0545000000000004 0.48637062102120826 48.100000000000009 1.8110000000000002 0.42850368952569917 5.6720430107526889 1.0000000180025095e-35
decision_type=10 8 2 2 2 1 10 2 10 10 2 10 10 10 1 10 2 10 2 2 8 10 2 10 2 10 8 2 10 2
left_child=1 9 4 18 14 13 20 8 -4 -1 22 15 16 -6 19 29 -5 24 -3 -2 21 -7 -8 -24 -18 26 -10 -28 -29 -9
right_child=2 3 7 12 5 6 10 11 25 -11 -12 -13 -14 -15 -16 -17 17 -19 -20 -21 -22 -23 23 -25 -26 -27 27 28 -30 -31
leaf_value=-0.0072756814407852451 0.0013711910176593199 -0.0077850993968094518 0.010123033601818841 0.0059681247740177128 0.0019663934997842252 0.008837873918652513 0.0037532457447162384 0.032388456708684316 0.025143700906144664 -0.0018191057606781595 0.013902228093554469 0.015804010927679246 -0.0016987985710706659 0.014735658684409127 0.0061069483782267798 0.077558612186461678 0.027881824433741209 0.01009843742998064 -0.0008070774721810832 -0.010390352948585695 0.0019759470701692363 0.029869469088471649 0.031381096543315064 -0.01010119223113983 0.074592743911054166 0.039267822817304204 0.012407620747040762 0.02900631733984825 -0.0098483785714792178 0.0028832115374860306
leaf_weight=93233 3946 4730 7835 11831 7793 2658 324 1996 2305 9616 8526 1671 3791 1727 6000 100 239 972 17403 1925 3858 474 2053 155 109 349 5548 1349 115 189
leaf_count=93233 3946 4730 7835 11831 7793 2658 324 1996 2305 9616 8526 1671 3791 1727 6000 100 239 972 17403 1925 3858 474 2053 155 109 349 5548 1349 115 189
internal_value=-4.92431e-05 -0.0046357 0.0106399 0.000970178 0.00737248 0.00974504 0.0126193 0.0166457 0.0147311 -0.00676551 0.0165135 0.0251154 0.00524016 0.00427834 0.00186269 0.0319248 0.00724043 0.018644 -0.00229834 -0.00248099 0.00647674 0.0120208 0.0253064 0.0284691 0.0425125 0.0184663 0.0176871 0.0152359 0.0259542 0.0298363
internal_weight=202820 141924 60896 39075 39439 27568 18048 21457 17501 102849 11058 3956 16942 9520 11871 2285 13151 1320 22133 5871 6990 3132 2532 2208 348 9666 9317 7012 1464 2185
internal_count=202820 141924 60896 39075 39439 27568 18048 21457 17501 102849 11058 3956 16942 9520 11871 2285 13151 1320 22133 5871 6990 3132 2532 2208 348 9666 9317 7012 1464 2185
cat_boundaries=0 1 2
cat_threshold=4 2
is_linear=0
shrinkage=0.03


Tree=53
num_leaves=31
num_cat=3
split_feature=8 7 8 24 30 37 3 41 26 24 29 37 3 23 37 18 24 41 17 17 23 41 8 25 10 6 11 13 17 39
split_gain=10258.6 1976.34 938.097 682.784 562.866 481.682 392.005 376.5 367.095 355.572 346.659 346.481 341.245 227.407 219.415 213.93 212.784 358.013 210.092 195.328 171.57 170.206 160.902 183.693 174.679 154.224 203.18 163.12 154.156 150.395
threshold=12.16666666666667 3.7100000000000004 89.833333333333357 5.4500000000000011 1.0000000180025095e-35 1.1862362892754532 5.253571428571429 0 10.231549521635229 7.4500000000000011 3.5000000000000004 1.1991187843429254 0.83558558558558571 4.7083333333333348 1.9868810528439151 24.270000000000007 4.4500000000000011 1 35.45000000000001 4.6333333333333337 9.1000000000000014 2 82.833333333333357 1.0000000180025095e-35 0.90000000000000013 1.1000000000000003 8.5000000000000018 0.31450000000000011 6.9000000000000012 0.75568832888114401
decision_type=10 10 10 2 10 2 10 1 10 2 10 2 10 10 2 10 2 1 10 10 10 1 10 10 10 10 10 8 10 2
left_child=4 2 5 14 9 8 10 -4 -2 16 22 13 -6 21 20 -8 -1 -18 -17 -7 -3 -9 23 24 -5 26 -20 -27 -22 -25
right_child=1 3 7 6 12 19 15 11 -10 -11 -12 -13 -14 -15 -16 18 17 -19 25 -21 28 -23 -24 29 -26 27 -28 -29 -30 -31
leaf_value=-0.012868315630841282 -1.7434593304779102e-06 0.0095555847123505056 0.017470444075117827 0.014801304740319265 -0.0072433077905628834 -0.0020615934433660002 0.021031246133150685 0.016259475613254509 0.009765039515936073 0.034982535371754192 0.0066852764728277218 0.0036315830744646639 -0.0023625109220976833 0.04221478245486119 -0.00033308961573650368 0.026863419702773641 0.013421119987581075 -0.0030596199897240275 0.080345845453744555 0.0029475715420815441 0.057161818704012636 0.0007416800375462377 0.02187536778626565 0.021608558921849468 -0.0005832825235777137 0.079599642652273178 0.020361935916272077 0.017283392193802302 0.014033671263392482 0.0540644156191449
leaf_weight=827 5219 9453 5016 4410 91226 17542 1849 2858 10297 295 3083 7185 15014 253 2142 712 1975 2944 221 11665 130 830 5261 831 782 50 66 155 175 152
leaf_count=827 5219 9453 5016 4410 91226 17542 1849 2858 10297 295 3083 7185 15014 253 2142 712 1975 2944 221 11665 130 830 5261 831 782 50 66 155 175 152
internal_value=7.85461e-06 0.00753357 0.00444583 0.0139103 -0.00604704 0.00220827 0.017668 0.0106452 0.00647986 0.00286055 0.0156133 0.00754566 -0.00655355 0.0147007 0.00836155 0.0274395 0.0012114 0.00357853 0.0372807 -6.09802e-05 0.0102701 0.0128132 0.0180202 0.0147356 0.0124841 0.0523562 0.0665516 0.0324825 0.0324162 0.0266272
internal_weight=202618 90337 60865 29472 112281 44723 17572 16142 15516 6041 14519 11126 106240 3941 11900 3053 5746 4919 1204 29207 9758 3688 11436 6175 5192 492 287 205 305 983
internal_count=202618 90337 60865 29472 112281 44723 17572 16142 15516 6041 14519 11126 106240 3941 11900 3053 5746 4919 1204 29207 9758 3688 11436 6175 5192 492 287 205 305 983
cat_boundaries=0 1 2 3
cat_threshold=9 3 2
is_linear=0
shrinkage=0.03


Tree=54
num_leaves=31
num_cat=2
split_feature=0 3 3 17 29 8 24 26 29 39 19 29 11 24 41 24 22 42 24 30 9 14 39 41 39 28 8 17 18 13
split_gain=9530.19 1794.89 915.736 799.054 455.98 324.621 296.632 283.537 282.246 270.844 266.536 224.143 216.221 433.625 226.872 271.032 202.759 199.424 192.251 217.794 190.414 189.74 189.189 181.499 245.83 174.128 166.983 163.534 158.96 158.532
threshold=1.0000000180025095e-35 1.9864864864864866 1.5638586956521741 24.225000000000005 3.5000000000000004 56.416666666666679 4.9500000000000011 13.101365454451352 3.5000000000000004 0.59855484190980035 1.4200000000000004 4.5000000000000009 9.5000000000000018 10.050000000000002 0 6.4500000000000011 1.0000000180025095e-35 6.5000000000000009 8.4500000000000011 1.1000000000000003 27.633333333333336 1.014666666666667 0.33533068453585124 1 0.35975309550754647 1.0000000180025095e-35 1.0000000180025095e-35 7.2250000000000005 13.190000000000003 0.22869800000000004
decision_type=10 10 8 10 8 10 2 10 10 2 10 10 8 2 1 2 10 2 2 10 10 10 2 1 2 2 10 10 10 10
left_child=2 8 26 4 7 6 -4 17 10 16 -2 21 -8 14 -14 -16 28 -3 23 -20 -9 25 -7 27 -25 -5 -1 -12 -6 -19
right_child=1 3 5 11 9 22 12 20 -10 -11 18 -13 13 -15 15 -17 -18 29 19 -21 -22 -23 -24 24 -26 -27 -28 -29 -30 -31
leaf_value=-0.0069847144629205798 -0.0023344756484806914 0.0023634545003641694 -0.0059726412155299757 0.016613791583330786 0.00087703164214394697 0.00098897931092847922 -0.0018573096424542544 0.0486338047683239 -0.002275359298133712 0.017693385216984554 -2.8039674605878382e-05 -0.0019863095767820352 0.018615369471648966 0.072553739224871003 -0.0038379132232534067 0.016047899270065637 0.014372386490900649 0.011572767466472048 0.072591882451641845 0.0044489061858119629 0.017103142373872341 0.068383352963568317 0.014568149097630122 0.0034713570954899198 0.01246181128450957 0.025668279217969887 -0.0036814823725295539 0.0079785913318990136 0.0080060605287796786 0.038427906426420404
leaf_weight=87195 4569 2280 6887 3898 7904 1660 5065 177 7729 1630 7096 383 955 90 2144 866 1735 12567 82 87 6598 77 2081 5322 5636 3751 16357 3394 4372 201
leaf_count=87195 4569 2280 6887 3898 7904 1660 5065 177 7729 1630 7096 383 955 90 2144 866 1735 12567 82 87 6598 77 2081 5322 5636 3751 16357 3394 4372 201
internal_value=-0.000112104 0.00798784 -0.0053339 0.0118768 0.0100286 0.00058638 -0.00127308 0.0128306 0.00276211 0.00611923 0.00424895 0.0204152 0.00227581 0.00743839 0.00596036 0.00187715 0.00477272 0.0105361 0.00564044 0.0375124 0.0179269 0.0215257 0.00854264 0.0053893 0.00808801 0.021054 -0.00646294 0.00256004 0.00341598 0.0119955
internal_weight=202788 79488 123300 45573 37464 19748 16007 21823 33915 15641 26186 8109 9120 4055 3965 3010 14011 15048 21617 169 6775 7726 3741 21448 10958 7649 103552 10490 12276 12768
internal_count=202788 79488 123300 45573 37464 19748 16007 21823 33915 15641 26186 8109 9120 4055 3965 3010 14011 15048 21617 169 6775 7726 3741 21448 10958 7649 103552 10490 12276 12768
cat_boundaries=0 1 2
cat_threshold=3 4
is_linear=0
shrinkage=0.03


Tree=55
num_leaves=31
num_cat=2
split_feature=8 0 24 38 24 24 41 8 12 24 27 24 35 0 31 26 38 17 11 9 25 14 42 13 41 24 11 11 27 33
split_gain=9909.72 1747.89 1290.73 631.328 560.53 402.897 332.648 314.387 286.412 276.125 343.775 272.029 294.045 265.635 261.113 260.097 221.782 212.06 200.885 187.672 190.185 188.723 180.242 211.037 179.633 206.359 179.399 174.566 174.491 172.508
threshold=52.416666666666679 1.0000000180025095e-35 6.6500000000000012 0.22551349105123256 5.3500000000000005 11.950000000000001 0 82.833333333333357 0.13051000000000004 4.5500000000000007 73.500000000000014 9.8500000000000032 1.0000000180025095e-35 2.5000000000000004 2.2250000000000005 10.432246410203609 0.10195851022085679 49.100000000000009 8.5000000000000018 88.63333333333334 0.19999999999999954 0.55095700000000014 12.500000000000002 0.20100000000000004 1 5.4500000000000011 4.5000000000000009 16.500000000000004 -285221.49999999994 2.1000000000000005
decision_type=10 8 2 2 2 2 1 10 10 2 10 2 2 10 10 10 2 10 10 10 8 8 2 10 1 2 10 10 10 10
left_child=1 9 3 6 13 -6 16 8 -5 -1 15 19 18 -3 17 -11 -2 24 28 20 -4 -21 -10 26 25 -9 -24 29 -13 -16
right_child=2 4 11 7 5 -7 -8 14 22 10 -12 12 -14 -15 27 -17 -18 -19 -20 21 -22 -23 23 -25 -26 -27 -28 -29 -30 -31
leaf_value=-0.0071904026576899436 -0.0088206839732308303 -0.0023320467720420505 0.013490235758788782 0.0062943553262556941 0.007017502165608566 0.083707730481701506 0.007709978458929353 0.0028185805422152222 0.00099556992812028047 -0.0062362441114419478 0.0075818367266577641 -0.007760030117075321 -0.0061300939582059717 0.0078295922086950454 0.027989087430363095 -0.00084436643795721773 0.0025981550631810481 0.059333626664308609 0.016366615937472528 0.045717684036392307 0.030055374876899615 0.021545130768149682 0.0033833984238355276 0.089203114106427311 0.014208123858362559 0.015987167325818064 0.037073804316297171 -0.015305069950135313 0.045235199926020667 0.0029310263946073214
leaf_weight=68705 1951 17258 4506 11725 11024 62 12344 3203 241 28911 2149 59 163 2674 1958 11160 7108 86 347 391 724 1133 208 52 11048 1609 450 102 1070 283
leaf_count=68705 1951 17258 4506 11725 11024 62 12344 3203 241 28911 2149 59 163 2674 1958 11160 7108 86 347 391 724 1133 208 52 11048 1609 450 102 1070 283
internal_value=8.32159e-05 -0.00425665 0.0102215 0.00847107 0.00203884 0.0074464 0.00450907 0.0112096 0.00757863 -0.00601706 -0.00410767 0.0211435 0.0321073 -0.000968801 0.0137262 -0.00473458 0.000138773 0.0123522 0.03633 0.0184829 0.0157834 0.0277469 0.0234127 0.0310219 0.0120974 0.00720682 0.0264239 0.0230777 0.0424657 0.0248247
internal_weight=202704 141943 60761 52368 31018 11086 21403 30965 12676 110925 42220 8393 1639 19932 18289 40071 9059 15946 1476 6754 5230 1524 951 710 15860 4812 658 2343 1129 2241
internal_count=202704 141943 60761 52368 31018 11086 21403 30965 12676 110925 42220 8393 1639 19932 18289 40071 9059 15946 1476 6754 5230 1524 951 710 15860 4812 658 2343 1129 2241
cat_boundaries=0 1 2
cat_threshold=2 4
is_linear=0
shrinkage=0.03


Tree=56
num_leaves=31
num_cat=2
split_feature=8 0 24 24 39 26 24 8 41 24 26 24 27 32 0 28 12 28 38 20 14 11 26 3 17 12 24 41 38 6
split_gain=9262.37 1510.56 1221.11 494.81 434.96 410.672 348.14 305.579 348.97 291.113 277.853 259.912 300.209 238.309 229.862 209.931 208.419 202.324 198.614 218.286 197.523 194.41 193.964 192.169 268.81 198.494 192.105 409 215.286 192.081
threshold=52.416666666666679 1.0000000180025095e-35 5.4500000000000011 5.1500000000000012 0.228017100192455 12.627819483735417 8.4500000000000011 85.416666666666671 0 11.950000000000001 10.845036590434232 4.8500000000000005 -16.499999999999996 2.0960000000000005 12.500000000000002 1.0000000180025095e-35 0.013510000000000003 1.0000000180025095e-35 0.45701179113438589 1.2501000000000004 0.12200000000000003 12.500000000000002 10.008455490892345 5.1449579831932786 47.100000000000009 0.26680333333333345 4.0500000000000007 1 0.1494637701397353 1.1000000000000003
decision_type=10 8 2 2 2 10 2 10 1 2 10 2 10 10 10 2 10 2 2 10 10 10 8 10 10 8 2 1 2 10
left_child=1 10 4 16 -2 15 18 20 -9 14 -1 -12 21 17 22 -4 26 -8 19 -7 -6 -13 -5 24 -19 -25 -3 28 -28 -27
right_child=2 3 5 9 7 6 13 8 -10 -11 11 12 -14 -15 -16 -17 -18 23 -20 -21 -22 -23 -24 25 -26 29 27 -29 -30 -31
leaf_value=-0.0065159478536340526 0.0019088436796745759 -0.012792265293679047 0.0063277591709055532 -0.00044106182095789913 0.0035210424777369523 0.012436538470224275 0.018989004918537573 0.0036293481639955716 0.014131156095164767 0.067581055047719371 -0.005416710375513739 -0.0025332676488446443 0.017429793798481859 0.084545623587249819 0.045644281411240266 0.015310807788211589 0.0060127379355156985 0.03059032107285551 0.026258977527761788 0.026387840859024864 0.014455131963297759 0.011676954272377306 0.0077180792955186834 0.10400018284320831 -0.031021608871718245 0.053671829854454449 -0.0077035221605343028 -0.0058446298290526005 0.0079080251260747504 0.019114195308456681
leaf_weight=90629 11965 1593 4650 3664 10055 6680 1329 3804 11617 69 12320 6326 939 67 129 4716 2770 555 1561 1189 1745 1004 9223 50 72 427 984 8411 4139 219
leaf_count=90629 11965 1593 4650 3664 10055 6680 1329 3804 11617 69 12320 6326 939 67 129 4716 2770 555 1561 1189 1745 1004 9223 50 72 427 984 8411 4139 219
internal_value=1.85304e-05 -0.00416929 0.00982905 0.00168903 0.00667618 0.0155715 0.0192107 0.00877167 0.0115521 0.00612297 -0.00580125 -0.00265526 0.00145904 0.0286682 0.00579717 0.0108509 -0.00155274 0.0272565 0.0164837 0.0145446 0.00513799 -0.000586874 0.00539829 0.0355616 0.0235153 0.0464136 -0.0029381 -0.00177823 0.00489987 0.0419565
internal_weight=202901 142200 60701 30982 39186 21515 12149 27221 15421 13085 111218 20589 8269 2719 13016 9366 17897 2652 9430 7869 11800 7330 12887 1323 627 696 15127 13534 5123 646
internal_count=202901 142200 60701 30982 39186 21515 12149 27221 15421 13085 111218 20589 8269 2719 13016 9366 17897 2652 9430 7869 11800 7330 12887 1323 627 696 15127 13534 5123 646
cat_boundaries=0 1 2
cat_threshold=4 3
is_linear=0
shrinkage=0.03


Tree=57
num_leaves=31
num_cat=0
split_feature=8 0 39 17 39 26 3 38 0 3 40 8 42 37 8 40 8 17 0 12 8 30 0 30 26 20 33 20 17 4
split_gain=8089.59 1604.64 1010.16 547.665 408.501 306.383 287.217 278.672 250.275 249.211 229.757 225.916 217.115 226.959 198.047 188.234 173.478 172.597 171.689 168.161 216.548 167.488 167.304 167.124 167.336 166.781 158.588 155.577 152.337 202.86
threshold=52.833333333333336 1.0000000180025095e-35 0.33138073110030902 19.900000000000002 0.49817244709210012 11.321783119132158 0.6478537360890303 0.088677011417650303 3.5000000000000004 3.2880184331797238 245.40000000000001 82.833333333333357 8.5000000000000018 0.73085576374167494 78.416666666666671 -44.225000000000016 85.833333333333357 22.225000000000005 1.5000000000000002 0.36615000000000003 84.416666666666671 0.77500000000000013 3.5000000000000004 2.3666666666666671 10.744505018122334 1.7979200000000002 1.4500000000000002 0.68787000000000009 8.1000000000000014 5.6259353175922859
decision_type=10 8 2 10 2 10 10 2 10 10 2 10 2 2 10 2 10 10 10 10 10 10 10 10 10 10 10 10 10 10
left_child=1 6 7 9 18 26 -1 -2 14 15 -8 -5 13 -11 -9 21 -17 -16 -3 -13 -21 27 -22 -23 -25 -19 -6 -4 -14 -30
right_child=2 4 3 11 5 -7 10 8 -10 12 -12 19 28 -15 17 16 -18 25 -20 20 22 23 -24 24 -26 -27 -28 -29 29 -31
leaf_value=-0.0063609737437693064 -0.0028664463708168927 -0.0015346510857041952 0.060343274426247387 0.01408069970712016 0.00864126073550644 0.015585622249282302 -0.0034880560834883922 0.00021415987054006463 0.011432841867509938 0.036190061846709982 0.0075959238597543407 0.022367257889113371 0.013764761335461997 0.0018776141386325047 0.0054102446555147586 0.0048331155741371881 0.011037358323630194 0.014837934871669484 0.004446737086289696 0.098199241228823383 0.01402461419590726 0.012381602122314409 0.05055408579449492 0.011726215854645349 0.086146395102535411 0.069178473626105297 -0.0013755934820633992 -0.0013051260173320769 0.019043905140620581 0.039591898214446544
leaf_weight=87323 3585 16672 140 3267 2849 2926 21795 6619 5949 196 1824 3558 3354 1511 9793 8777 7541 1243 5829 53 205 1790 251 52 57 53 2841 50 1996 552
leaf_count=87323 3585 16672 140 3267 2849 2926 21795 6619 5949 196 1824 3558 3354 1511 9793 8777 7541 1243 5829 53 205 1790 251 52 57 53 2841 50 1996 552
internal_value=3.60508e-05 -0.00387851 0.00921382 0.0127147 0.00214188 0.00769666 -0.00556711 0.00492797 0.00610914 0.0106735 -0.00263209 0.0199554 0.0152403 0.00581741 0.00432065 0.00878573 0.00770027 0.0067718 1.48583e-05 0.0246745 0.0408029 0.0172647 0.0341318 0.0145778 0.0506432 0.0170602 0.00363988 0.04412 0.0179657 0.0234954
internal_weight=202651 142059 60592 33350 31117 8616 110942 27242 23657 26016 23619 7334 7609 1707 17708 18407 16318 11089 22501 4067 509 2089 456 1899 109 1296 5690 190 5902 2548
internal_count=202651 142059 60592 33350 31117 8616 110942 27242 23657 26016 23619 7334 7609 1707 17708 18407 16318 11089 22501 4067 509 2089 456 1899 109 1296 5690 190 5902 2548
is_linear=0
shrinkage=0.03


Tree=58
num_leaves=31
num_cat=1
split_feature=3 8 0 29 26 8 24 37 26 3 24 41 29 8 18 13 22 34 30 17 13 30 18 24 37 29 37 40 23 20
split_gain=7702.42 1238.32 1183.6 648.801 471.503 382.783 321.963 292.776 290.738 237.569 225.786 216.833 300.044 222.919 191.773 191.31 178.98 182.728 172.207 168.755 167.224 212.782 194.407 254.72 163.964 158.639 157.746 146.257 145.551 145.077
threshold=1.5469208211143697 8.8333333333333339 1.5000000000000002 3.5000000000000004 12.404890714131371 89.833333333333357 5.2500000000000009 0.90440377504321179 11.743854629084593 4.0135135135135149 4.0500000000000007 0 2.5000000000000004 89.583333333333357 0.12000000000000002 0.021629000000000002 3.1000000000000005 2.2970000000000006 0.90000000000000013 9.4500000000000011 0.066034000000000023 0.45000000000000007 4.9900000000000011 6.3500000000000005 1.093143053626936 1.5000000000000002 1.5484218021286498 203.06499999999997 9.4500000000000011 1.2263333333333337
decision_type=10 8 10 10 10 10 2 2 8 10 2 1 10 8 10 10 10 8 10 10 10 10 10 2 2 8 2 2 8 10
left_child=1 -1 5 4 15 7 10 -2 -8 20 -3 12 13 -12 -13 16 19 -18 -17 -4 22 -22 23 -6 -25 27 28 -11 29 -7
right_child=2 6 3 -5 9 26 8 -9 -10 25 11 14 -14 -15 -16 18 17 -19 -20 -21 21 -23 -24 24 -26 -27 -28 -29 -30 -31
leaf_value=-0.0059395361905628385 0.0093486984600208278 -0.0090017214823775588 0.0048530150539050406 0.0043435716575289671 0.015890809169647465 0.061693163122157599 0.001776120931669467 0.00017417854518702574 0.013190297156731152 0.094187104747845585 0.0031725138033143348 -0.011224170869147726 -0.0021355077967934555 0.015135768568589138 -0.0013127051547238099 0.0046764971259559539 -0.0017844998950345648 0.040073950367725701 0.020079112390483975 0.011670400235597206 0.074868204950221937 0.021120157583066144 0.007864649973191239 0.079556690687313678 0.021203472244588632 0.021374917248567857 0.0036699844361109684 0.026210929762039866 0.012756253307484007 0.015542481195237209
leaf_weight=97919 3763 2937 7236 8905 2760 113 6548 18624 2897 52 4138 2118 6072 2120 10306 861 135 308 2708 5959 70 1251 3847 96 79 5969 1882 63 3207 134
leaf_count=97919 3763 2937 7236 8905 2760 113 6548 18624 2897 52 4138 2118 6072 2120 10306 861 135 308 2708 5959 70 1251 3847 96 79 5969 1882 63 3207 134
internal_value=-2.40385e-05 -0.00417046 0.00820852 0.0114908 0.0135181 0.00343734 0.000494174 0.00171631 0.00527711 0.0175671 -0.00113722 -0.000204114 0.00261336 0.00722526 -0.00299996 0.0101797 0.00856153 0.027318 0.0163633 0.00793182 0.0142032 0.0239683 0.0123012 0.0181162 0.0532144 0.0220473 0.0106578 0.056948 0.0144654 0.036656
internal_weight=203077 135055 68022 40299 31394 27723 37136 22387 9445 14187 27691 24754 12330 6258 12424 17207 13638 443 3569 13195 8103 1321 6782 2935 175 6084 5336 115 3454 247
internal_count=203077 135055 68022 40299 31394 27723 37136 22387 9445 14187 27691 24754 12330 6258 12424 17207 13638 443 3569 13195 8103 1321 6782 2935 175 6084 5336 115 3454 247
cat_boundaries=0 1
cat_threshold=3
is_linear=0
shrinkage=0.03


Tree=59
num_leaves=31
num_cat=2
split_feature=0 26 24 18 0 37 28 38 26 24 36 25 42 40 41 31 29 17 41 24 34 26 40 2 42 15 39 17 20 38
split_gain=7675.66 1514.27 631.047 589.898 521.682 384.581 299.876 295.712 255.938 280.494 233.722 237.447 249.523 256.679 227.161 225.686 220.677 219.116 211.629 182.884 176.096 174.456 166.576 164.642 161.711 157.086 154.923 169.91 153.605 150.561
threshold=1.0000000180025095e-35 11.493676384425777 7.8500000000000005 1.0000000180025095e-35 1.5000000000000002 1.7253035817293669 1.0000000180025095e-35 0.20596973298608379 10.207122941248914 4.0500000000000007 2.7120418380785183 -1.0000000180025095e-35 7.5000000000000009 281.43500000000012 0 3.2250000000000005 3.5000000000000004 8.9000000000000021 1 9.1500000000000004 1.7710000000000001 12.751995106295842 253.37000000000003 8.1000000000000014 31.500000000000004 0.55000000000000016 0.53554010497457394 29.900000000000002 1.2583700000000004 0.52334902421559304
decision_type=10 10 2 8 10 2 2 2 8 2 2 8 2 2 1 8 10 10 1 2 10 10 2 10 2 10 2 10 10 2
left_child=3 4 5 -1 -2 16 -4 -5 -9 -10 21 -12 -13 -14 15 22 23 -6 -7 -16 26 24 -11 -3 -8 -15 27 28 -18 -21
right_child=1 2 6 7 17 18 10 8 9 14 11 12 13 25 19 -17 20 -19 -20 29 -22 -23 -24 -25 -26 -27 -28 -29 -30 -31
leaf_value=-0.0059875905990047235 -0.00026107176436618632 0.012675161491758385 0.014401449840137588 -0.0052203975216077629 0.0042696900464115123 -0.0029081077482349554 0.016049498991595943 -0.0036592369012979071 -0.011477753173291276 0.0033853920946094792 0.0047449611524095778 0.12218433789081042 0.09480400937644741 0.0533983269814522 -0.00071326081754313644 0.019946039584467327 -1.258354677252241e-05 0.010433853365457064 0.0078463899601262134 0.011743050926583695 -0.01010799055477778 0.029988527504596775 0.018867955594757499 0.037915415174466498 -0.036339547836354798 -0.007668920690193772 0.027838936721608771 0.035089627182684262 0.031242289643541175 0.060863161291067412
leaf_weight=85877 19074 22704 2339 12516 14488 2517 335 8809 1161 4805 77 54 79 93 7537 1162 1746 8087 4742 413 611 1574 719 235 63 64 307 156 154 65
leaf_count=85877 19074 22704 2339 12516 14488 2517 335 8809 1161 4805 77 54 79 93 7537 1162 1746 8087 4742 413 611 1574 719 235 63 64 307 156 154 65
internal_value=7.28864e-05 0.00733869 0.0116819 -0.0046208 0.00339163 0.0102272 0.021997 -0.00146444 0.00044102 0.00271811 0.0295926 0.0515751 0.0640093 0.0506981 0.00383922 0.00791669 0.0119369 0.00647787 0.00412416 0.000427432 0.00424812 0.0255016 0.00540059 0.0129337 0.00775676 0.0285047 0.00796017 0.00499189 0.00252071 0.0184226
internal_weight=202563 79499 37850 123064 41649 33172 4678 37187 24671 15862 2339 367 290 236 14701 6686 25913 22575 7259 8015 2974 1972 5524 22939 398 157 2363 2056 1900 478
internal_count=202563 79499 37850 123064 41649 33172 4678 37187 24671 15862 2339 367 290 236 14701 6686 25913 22575 7259 8015 2974 1972 5524 22939 398 157 2363 2056 1900 478
cat_boundaries=0 1 2
cat_threshold=3 2
is_linear=0
shrinkage=0.03


Tree=60
num_leaves=31
num_cat=2
split_feature=0 7 24 38 29 3 4 24 17 38 30 41 40 30 29 40 2 42 29 17 24 27 24 41 4 20 42 13 24 9
split_gain=6896.96 1634.01 846.84 460.493 449.425 307.365 242.297 232.407 228 204.714 204.423 199.949 186.053 200.719 185.073 179.179 210.864 198.118 172.374 167.059 165.675 215.356 159.677 159.339 153.416 178.188 182.311 167.657 151.791 151.136
threshold=1.5000000000000002 0.61000000000000021 6.5500000000000007 0.24515031764963766 3.5000000000000004 1.7533783783783787 2.5916695064902879 9.1500000000000004 41.63333333333334 0.33965308063638366 1.0000000180025095e-35 0 305.52000000000015 1.4500000000000002 3.5000000000000004 170.26500000000001 3.7750000000000004 35.500000000000007 1.5000000000000002 9.1000000000000014 5.2500000000000009 23.500000000000004 8.6500000000000004 1 9.0034642032332588 0.78633333333333355 37.500000000000007 0.17027400000000004 4.1500000000000012 84.450000000000017
decision_type=10 8 2 2 8 10 10 2 10 2 10 1 2 10 10 2 10 2 10 10 2 10 2 1 10 8 2 10 2 10
left_child=1 20 4 8 6 7 -2 -5 28 11 18 -6 29 19 22 -8 -17 -18 -4 -14 -1 -22 -12 -11 25 -24 27 -27 -3 -7
right_child=2 3 10 5 9 12 15 -9 -10 23 14 -13 13 -15 -16 16 17 -19 -20 -21 21 -23 24 -25 -26 26 -28 -29 -30 -31
leaf_value=-0.0058669337156927927 0.004099384605108107 -0.010966479833603809 0.011468046373791164 0.00063183577394768163 -0.0024204864081032724 0.0045271705729121002 0.013263424341011784 0.033348031570838592 0.054636637883959338 0.0027599830557533014 0.016579308178564942 0.0051226221523962721 0.013102875968400873 -0.015062684059375896 0.0085832842795929704 0.00023438659640596756 0.011440377837676851 0.050215804100264119 0.07940934017802892 0.042139272962949947 -0.0033561622907033297 0.011638108691646557 -0.0026588453472324524 0.017164533942871329 0.053354163694701022 0.023026115553134937 0.080326431281532037 0.061935149515574835 -0.0013904100227343421 0.012818024721720779
leaf_weight=88548 4376 1603 54 14992 4657 8439 16076 198 64 1170 4579 9827 368 118 1654 2255 1252 131 89 346 13476 921 202 1733 175 1669 56 106 21087 2585
leaf_count=88548 4376 1603 54 14992 4657 8439 16076 198 64 1170 4579 9827 368 118 1654 2255 1252 131 89 346 13476 921 202 1733 175 1669 56 106 21087 2585
internal_value=-5.63179e-05 -0.00322352 0.00960738 0.0012377 0.00783232 0.00388373 0.0104853 0.00105829 -0.00190745 0.00415652 0.0181843 0.00269917 0.00750371 0.0211835 0.0175817 0.0119029 0.00589064 0.0151132 0.0537532 0.0271737 -0.00538165 -0.00239695 0.0197746 0.0114277 0.0264012 0.0240811 0.0270311 0.0253497 -0.00206694 0.00647128
internal_weight=202806 152745 50061 49800 41477 27046 24090 15190 22754 17387 8584 14484 11856 832 8441 19714 3638 1383 143 714 102945 14397 6787 2903 2208 2033 1831 1775 22690 11024
internal_count=202806 152745 50061 49800 41477 27046 24090 15190 22754 17387 8584 14484 11856 832 8441 19714 3638 1383 143 714 102945 14397 6787 2903 2208 2033 1831 1775 22690 11024
cat_boundaries=0 1 2
cat_threshold=2 4
is_linear=0
shrinkage=0.03


Tree=61
num_leaves=31
num_cat=2
split_feature=3 8 7 37 39 22 24 23 24 17 29 29 41 8 37 23 31 36 5 31 19 4 2 24 32 31 40 41 24 40
split_gain=6637.1 932.812 927.732 583.796 367.392 316.772 316.718 285.824 283.355 270.91 237.218 225.22 261.75 222.197 191.883 162.29 157.761 154.356 152.68 150.674 143.838 146.938 140.708 138.104 136.513 179.368 131.768 131.734 245.971 139.915
threshold=1.5303308823529413 7.416666666666667 4.6633333333333349 1.1232049731631271 0.33364211360270818 0.45000000000000007 4.0500000000000007 4.7750000000000012 10.950000000000001 4.9000000000000012 3.5000000000000004 2.5000000000000004 0 51.416666666666679 0.60281970962182629 2.7083333333333335 0.90000000000000013 3.0192413339476554 21.900000000000002 2.1000000000000005 31.335000000000004 2.1957916040417271 1.5500000000000003 12.050000000000002 1.3410000000000004 1.5500000000000003 305.52000000000015 1 6.2500000000000009 318.91500000000002
decision_type=10 8 10 2 2 10 2 10 2 10 10 8 1 10 2 10 10 2 10 10 10 10 8 2 10 10 2 1 2 2
left_child=1 -1 3 13 -4 7 -3 9 11 -5 17 12 -8 26 22 27 -16 20 19 -19 21 -6 -14 -12 25 -17 -2 28 -15 -30
right_child=2 6 4 5 10 -7 8 -9 -10 -11 23 -13 14 15 16 24 -18 18 -20 -21 -22 -23 -24 -25 -26 -27 -28 -29 29 -31
leaf_value=-0.0054331764563184583 0.0040123504514188377 -0.0092707997499453555 0.0077640459304444548 -0.0016118875035989787 0.046597578296752866 0.011544838102230098 -0.00049641325238348446 0.013317132180725551 0.071594178334755051 0.0042714435426863019 -1.3524978271717397e-05 -0.00082997475007600189 0.084553196539773653 0.0025300952542092023 0.018224050443499382 0.031076828863355332 0.0055667322035767028 0.086058621161750393 0.010403681791254451 0.029886171011762185 0.024857329670712702 0.015162957369896162 0.015961759482559401 0.039613698849584475 0.01826549088462557 0.095685415390659778 0.018130185313866974 0.014129191569428249 0.020328445838888487 0.073227396239340298
leaf_weight=96641 5379 2972 6766 13548 136 3674 5281 1952 51 14673 994 23592 51 2451 1096 160 4631 84 98 88 1867 8394 57 86 544 51 669 6564 450 50
leaf_count=96641 5379 2972 6766 13548 136 3674 5281 1952 51 14673 994 23592 51 2451 1096 160 4631 84 98 88 1867 8394 57 86 544 51 669 6564 450 50
internal_value=6.25259e-06 -0.00387135 0.00759298 0.00547481 0.0133326 0.0032277 0.000128974 0.00221496 0.000932683 0.00144704 0.01654 0.000828853 0.00434946 0.0101358 0.00872115 0.0128222 0.00798902 0.0178965 0.0402906 0.0573192 0.017315 0.0156641 0.0483522 0.00314198 0.0262102 0.0466931 0.005574 0.0117599 0.00642027 0.0256183
internal_weight=203050 134372 68678 50165 18513 33847 37731 30173 34759 28221 11747 34708 11116 16318 5835 10270 5727 10667 270 172 10397 8530 108 1080 755 211 6048 9515 2951 500
internal_count=203050 134372 68678 50165 18513 33847 37731 30173 34759 28221 11747 34708 11116 16318 5835 10270 5727 10667 270 172 10397 8530 108 1080 755 211 6048 9515 2951 500
cat_boundaries=0 1 2
cat_threshold=4 4
is_linear=0
shrinkage=0.03


Tree=62
num_leaves=31
num_cat=2
split_feature=8 0 7 38 3 39 29 41 23 41 14 29 26 40 14 0 28 4 25 26 20 22 30 4 23 39 26 11 37 33
split_gain=6569.44 1276.72 904.391 642.93 469.081 323.951 282.221 265.66 274.93 251.057 262.014 235.545 228.005 276.96 214.684 212.817 199.243 190.273 183.758 170.243 158.188 150.498 147.946 232.973 147.83 149.044 146.043 148.479 129.134 127.979
threshold=57.833333333333336 1.0000000180025095e-35 5.8900000000000015 0.28855307299938299 1.0779352226720651 0.09524974568566226 2.5000000000000004 0 3.3666666666666671 1 0.15000800000000006 2.5000000000000004 10.432246410203609 181.905 0.36843200000000004 12.500000000000002 1.0000000180025095e-35 5.8261610251092515 0.20000000000000065 13.004996628807552 1.2863333333333336 0.36666666666666675 1.0000000180025095e-35 9.4227856864696484 7.5500000000000007 0.5520787992430034 13.247504167091028 3.5000000000000004 1.1232049731631271 0.22500000000000003
decision_type=10 8 10 2 10 2 8 1 10 1 10 10 10 2 10 10 2 10 10 10 8 10 10 8 10 2 10 10 2 10
left_child=1 12 3 5 22 -2 15 -7 -9 10 17 24 -1 -14 21 26 -4 -5 -18 -13 -20 -8 -3 -24 29 -26 -6 -28 -21 -11
right_child=2 4 16 9 6 7 14 8 -10 11 -12 19 13 -15 -16 -17 18 -19 20 28 -22 -23 23 -25 25 -27 27 -29 -30 -31
leaf_value=-0.0056061491647137465 -0.0055128183296974127 0.0030619201706501087 0.012683045924260799 0.0026215830708764438 0.0092158498673642515 0.011407008161805444 0.0020531274915768592 0.0023805789401624526 0.013847110765649352 0.040333927315810029 0.020271668323581255 0.00025052316530304442 -0.0038047104898360248 0.0042903036443351526 0.034028047754676369 0.070843062889244815 0.019321326334922822 0.030266704077652178 0.075607152909040451 0.019495409700783131 0.030311011922093904 0.046827873599112904 -0.00089668117477722652 -0.010269211306953277 0.078031254608346062 0.011487211895485717 -0.011248300622683019 0.033971347900028925 0.00087458427630917864 0.015190003065422444
leaf_weight=84376 2878 4782 5371 5280 4340 4858 10506 17901 2103 186 1031 1714 22839 4564 196 54 4652 234 90 1111 303 68 10201 3116 69 54 78 403 480 8885
leaf_count=84376 2878 4782 5371 5280 4340 4858 10506 17901 2103 186 1031 1714 22839 4564 196 54 4652 234 90 1111 303 68 10201 3116 69 54 78 403 480 8885
internal_value=9.57466e-05 -0.00329009 0.00870968 0.00692975 0.00182419 0.00401581 0.00562859 0.00511884 0.00358425 0.0111743 0.00638054 0.0136684 -0.004834 -0.00245648 0.00291773 0.0116175 0.0167043 0.00379477 0.0209855 0.00681047 0.0406842 0.00234107 -0.00146438 -0.00308973 0.0161485 0.0488168 0.0109541 0.0266384 0.0138776 0.0157056
internal_weight=202723 145523 57200 46784 33744 27740 15645 24862 20004 19044 6545 12499 111779 27403 10770 4875 10416 5514 5045 3305 393 10574 18099 13317 9194 123 4821 481 1591 9071
internal_count=202723 145523 57200 46784 33744 27740 15645 24862 20004 19044 6545 12499 111779 27403 10770 4875 10416 5514 5045 3305 393 10574 18099 13317 9194 123 4821 481 1591 9071
cat_boundaries=0 1 2
cat_threshold=9 4
is_linear=0
shrinkage=0.03


Tree=63
num_leaves=31
num_cat=0
split_feature=8 0 39 29 3 39 26 1 8 16 23 39 14 36 26 38 29 26 39 26 29 26 18 11 13 16 5 19 2 34
split_gain=5920.22 1161.56 718.219 440.57 344.153 310.235 305.142 273.628 272.845 241.762 217.937 235.812 212.269 204.877 194.004 222.32 192.18 157.221 210.019 162.584 153.846 175.401 147.97 211.511 167.336 190.917 214.494 147.281 137.84 136.434
threshold=55.833333333333336 1.0000000180025095e-35 0.36238152740625923 2.5000000000000004 2.2240143369175631 0.07097428086111908 13.101365454451352 10.583333333333334 85.416666666666671 0.36666666666666675 8.9000000000000021 0.5520787992430034 0.022030000000000004 1.6505029914568767 10.181781948136075 0.41163471124007112 2.5000000000000004 12.627819483735417 0.86697371621784303 13.683306854990235 4.5000000000000009 10.902279505752452 31.660000000000004 12.500000000000002 0.21450000000000005 1.0000000180025095e-35 22.900000000000002 0.18000000000000005 9.9000000000000021 1.8620000000000001
decision_type=10 8 2 10 10 2 10 10 10 10 10 2 10 2 10 2 8 10 2 10 8 10 10 10 8 10 10 10 10 10
left_child=1 14 5 9 16 -2 12 22 -7 10 17 -12 -5 -11 -1 -16 -3 -4 -19 -20 21 -10 29 24 -24 -26 -27 -6 -15 -8
right_child=2 4 3 6 27 8 7 -9 20 13 11 -13 -14 28 15 -17 -18 18 19 -21 -22 -23 23 -25 25 26 -28 -29 -30 -31
leaf_value=-0.0055053940149714002 -0.0076383049299393116 0.0040133978067936928 0.010155873694847061 -0.0034863252260481361 0.049706120424020984 0.002179813348785955 0.012357747976806372 0.065896272918741616 0.0049131915361682833 0.0078645317016923216 0.082185349783727102 0.0081974855538768064 0.0086844198591455122 0.029723255724346739 -0.0037583915515292405 0.0034338769295415498 -0.0014015114972585664 0.015317878224898688 0.017890893148227793 0.084892007461615959 0.0033552120129712228 0.012707335397671448 0.071059635518739617 -0.029217242638652139 0.072168436646461484 -0.020290552159246886 0.037284214679679982 0.0079249394573752061 -0.018967487365007401 -0.0017224003621926589
leaf_weight=80163 1710 8628 10543 3221 77 12335 2686 84 4005 598 84 72 2151 1689 26887 4518 18649 6349 61 70 4379 7400 90 52 60 103 134 5477 54 805
leaf_count=80163 1710 8628 10543 3221 77 12335 2686 84 4005 598 84 72 2151 1689 26887 4518 18649 6349 61 70 4379 7400 90 52 60 103 134 5477 54 805
internal_value=3.58067e-06 -0.00326279 0.00803389 0.0114039 0.00169727 0.0047682 0.00606272 0.0123204 0.00552267 0.0139721 0.0127396 0.0480371 0.00138696 0.0230164 -0.00472238 -0.00272369 0.000311281 0.0124162 0.0160937 0.053693 0.00813508 0.00997033 0.0111752 0.0275907 0.0352239 0.0243645 0.0122623 0.00850419 0.0282148 0.00911096
internal_weight=203134 144399 58735 28906 32831 29829 9386 4014 28119 19520 17179 156 5372 2341 111568 31405 27277 17023 6480 131 15784 11405 3930 439 387 297 237 5554 1743 3491
internal_count=203134 144399 58735 28906 32831 29829 9386 4014 28119 19520 17179 156 5372 2341 111568 31405 27277 17023 6480 131 15784 11405 3930 439 387 297 237 5554 1743 3491
is_linear=0
shrinkage=0.03


Tree=64
num_leaves=31
num_cat=2
split_feature=0 3 29 8 24 24 25 30 7 28 24 29 9 0 17 41 24 24 27 9 7 41 39 39 42 39 24 34 39 5
split_gain=5998.78 1288.51 648.089 442.715 424.614 345.416 326.801 278.046 510.755 262.229 257.313 230.245 215.381 213.438 207.044 193.732 185.142 178.869 237.924 175.687 300.55 167.53 161.995 159.967 158.129 144.479 142.659 142.402 189.003 153.329
threshold=1.0000000180025095e-35 1.819805194805195 2.5000000000000004 50.166666666666679 6.2500000000000009 4.5500000000000007 0.19999999999999954 0.22500000000000003 6.5900000000000025 1.0000000180025095e-35 9.5500000000000025 3.5000000000000004 9.4500000000000011 -1.4999999999999998 48.63333333333334 0 4.0500000000000007 4.5500000000000007 46.500000000000007 62.100000000000009 8.8633333333333368 1 0.86697371621784303 0.21222900793307273 5.5000000000000009 0.28691514446064886 4.5500000000000007 1.8170000000000004 0.35378212993216268 1.3666666666666669
decision_type=10 10 8 8 2 2 10 8 10 2 2 10 10 8 10 1 2 2 10 10 10 1 2 2 2 2 2 10 2 10
left_child=3 11 4 17 14 15 9 8 -6 -4 -11 12 -2 -7 24 16 -5 -1 -19 -12 -21 26 -9 -23 -3 -15 -14 28 -26 -30
right_child=1 2 6 5 7 13 -8 22 -10 10 19 -13 21 25 -16 -17 -18 18 -20 20 -22 23 -24 -25 27 -27 -28 -29 29 -31
leaf_value=-0.0056154100931912103 -0.0031767744558208067 0.0011404799199325932 0.0042033814408820834 -0.012511507905450173 0.015464402362704277 -0.031220532853318293 0.022443194041177145 0.020903709662033008 0.12539398137883129 0.0088592868119396154 -0.0032783675747635088 -0.0029949115886788728 -0.0055397299435400562 -6.9386378170095732e-05 0.069955990482460373 -0.01145313954916693 0.0035325035502645282 -0.0036807756313929382 0.0060975739878086502 0.065584698775783185 0.015093587035131927 -0.0012237367809740745 0.062831372706329117 0.00876189548505967 0.0062722540762739391 0.009369260819712278 0.0034487365235852593 0.0019418037094236823 0.062650970744434736 0.015998522904725455
leaf_weight=68462 4027 1164 17544 834 88 138 1229 3415 67 14199 113 7104 2006 2109 55 2093 2892 39527 2374 200 226 1735 85 8604 2167 4740 7648 977 64 6812
leaf_count=68462 4027 1164 17544 834 88 138 1229 3415 67 14199 113 7104 2006 2109 55 2093 2892 39527 2374 200 226 1735 85 8604 2167 4740 7648 977 64 6812
internal_value=8.91743e-05 0.00651185 0.00957385 -0.00405788 0.0147808 0.00122216 0.00725963 0.0236632 0.0629823 0.00668158 0.00963161 0.00174973 0.00315298 0.00571855 0.0118921 -0.00417676 -5.85111e-05 -0.00467056 -0.00312676 0.0299771 0.0387983 0.00442792 0.021922 0.00707935 0.0116066 0.00646284 0.00157939 0.0128224 0.013998 0.0164328
internal_weight=202698 79529 48405 123169 14894 12806 33511 3655 155 32282 14738 31124 24020 6987 11239 5819 3726 110363 41901 539 426 19993 3500 10339 11184 6849 9654 10020 9043 6876
internal_count=202698 79529 48405 123169 14894 12806 33511 3655 155 32282 14738 31124 24020 6987 11239 5819 3726 110363 41901 539 426 19993 3500 10339 11184 6849 9654 10020 9043 6876
cat_boundaries=0 1 2
cat_threshold=2 4
is_linear=0
shrinkage=0.03


Tree=65
num_leaves=31
num_cat=3
split_feature=3 8 8 24 39 24 23 41 24 25 29 17 38 37 39 24 29 1 42 24 26 2 27 17 17 41 27 42 29 41
split_gain=5140.84 766.189 750.546 476.449 401.24 316.97 303.934 314.219 245.006 200.978 268.154 193.198 181.487 179.547 180.564 362.504 214.765 182.87 173.252 172.566 172.037 162.173 159.535 158.946 156.767 150.75 159.884 150.288 150.098 279.952
threshold=1.5303308823529413 10.41666666666667 77.416666666666671 5.6500000000000012 0.48892315612746001 5.4500000000000011 4.1000000000000005 0 10.550000000000002 1.0000000180025095e-35 1.5000000000000002 53.100000000000009 0.088677011417650303 1.3837194633144356 0.79781700139765743 10.550000000000002 2.5000000000000004 7.8333333333333348 9.5000000000000018 4.0500000000000007 15.195765381101507 10.100000000000001 66473.000000000015 8.4500000000000011 5.366666666666668 1 3225.0000000000005 34.500000000000007 2.5000000000000004 2
decision_type=10 8 10 2 2 2 10 1 2 8 8 10 2 2 2 2 10 10 2 2 10 10 10 10 10 1 10 2 10 1
left_child=1 -1 4 6 23 19 7 -4 18 -5 -11 21 -9 14 17 16 -16 -6 25 27 22 -12 -13 -2 -14 -7 -27 -3 29 -21
right_child=2 5 3 9 13 8 -8 12 -10 10 11 20 24 -15 15 -17 -18 -19 -20 28 -22 -23 -24 -25 -26 26 -28 -29 -30 -31
leaf_value=-0.0048268786573438197 -0.0008744234034096858 -0.010500376076229837 0.013075924365630211 0.011676023432065398 0.0059837138741212137 0.026088533915128925 0.018885672429258784 -0.0070376819050697046 0.067624926946671868 0.080162676190110776 0.017932933266129582 0.052994537136572241 0.0017532669546936554 0.053145575969085049 0.019106004749513027 0.07521364067259588 -0.022396679852390661 0.038017135522345452 0.00090816935571663216 0.0065510913326433679 0.084659614669425134 -0.030990344359269062 0.011165887991881977 0.0042499318408305902 0.0078236596706900471 0.0064367145960733934 0.044359787263003034 0.010148045926442298 -0.0025629459261606877 -0.0022680825482818212
leaf_weight=99145 13616 2566 4947 6171 10017 478 1917 1148 58 66 3708 153 6523 79 910 95 128 163 3341 6287 63 62 177 9081 9270 2638 104 362 12822 6666
leaf_count=99145 13616 2566 4947 6171 10017 478 1917 1148 58 66 3708 153 6523 79 910 95 128 163 3341 6287 63 62 177 9081 9270 2638 104 362 12822 6666
internal_value=-7.09003e-05 -0.00347521 0.006632 0.00977165 0.00348167 0.000318758 0.00743137 0.00642818 0.00623676 0.0151284 0.0201662 0.019215 0.00447659 0.00807577 0.00776104 0.0191218 0.0139881 0.00649663 0.00569408 -0.00104595 0.0392318 0.0171284 0.0305592 0.00117582 0.0053164 0.0106598 0.00784646 -0.00794753 -0.000261943 0.00201579
internal_weight=202761 134467 68294 34205 34089 35322 23805 21888 6619 10400 4229 4163 16941 11392 11313 1133 1038 10180 6561 28703 393 3770 330 22697 15793 3220 2742 2928 25775 12953
internal_count=202761 134467 68294 34205 34089 35322 23805 21888 6619 10400 4229 4163 16941 11392 11313 1133 1038 10180 6561 28703 393 3770 330 22697 15793 3220 2742 2928 25775 12953
cat_boundaries=0 1 2 3
cat_threshold=9 3 3
is_linear=0
shrinkage=0.03


Tree=66
num_leaves=31
num_cat=3
split_feature=0 3 7 8 24 29 27 41 24 24 28 37 12 38 38 23 41 26 32 29 41 31 40 37 19 42 40 1 24 26
split_gain=5036 1177.55 640.281 438.54 389.607 369.613 305.514 281.668 387.463 280.746 236.867 209.77 200.664 197.777 188.704 247.756 203.375 167.011 165.407 155.679 153.767 249.885 152.39 148.88 137.595 153.154 136.352 135.684 202.156 187.854
threshold=1.5000000000000002 0.89237451737451756 5.8900000000000015 83.833333333333357 4.5500000000000007 3.5000000000000004 23.500000000000004 0 5.3500000000000005 6.2500000000000009 1.0000000180025095e-35 0.81280671303009278 0.0080100000000000015 0.18231797043032791 0.30652105670554536 9.3666666666666689 1 14.934967250590462 2.0360000000000009 1.5000000000000002 2 2.3666666666666671 311.69999999999999 1.9215891520124246 9.6900000000000031 19.500000000000004 94.359999999999914 1.1666666666666667 6.5500000000000007 13.15049397566108
decision_type=10 8 10 10 2 10 8 1 2 2 2 2 10 2 2 10 1 10 10 8 1 8 2 2 10 2 2 10 2 10
left_child=1 -1 5 4 -3 7 22 8 12 20 -4 -11 -2 -5 16 18 -9 24 19 -16 21 -8 -6 26 -12 -26 -18 -24 -29 -30
right_child=2 3 10 13 6 -7 9 14 -10 11 17 -13 -14 -15 15 -17 23 -19 -20 -21 -22 -23 27 -25 25 -27 -28 28 29 -31
leaf_value=-0.0045703224126388492 -0.002113767834352227 -0.0045714182713298386 0.01073472671803191 8.6577424496589065e-05 -0.00065197610480803711 0.0012776648865036701 0.0026879460820874355 0.012983263781219155 0.01102937800992199 0.033658896617653339 0.061408417319709606 0.010834951151974918 0.0080596977454572439 0.010660881619133946 0.044515784680843357 0.066543945981189609 0.0075246357986129137 0.038828065973727705 -0.003649768801113157 0.013947420238557977 0.00035663651358651296 0.024162002947299747 0.0041827860038727519 -0.0083482881325315558 0.012033707406450544 0.023650186288893923 -0.011129261453752407 0.008068093287627762 0.10397163636763306 0.024040072816339405
leaf_weight=101188 5921 12797 4961 2244 21827 9054 1405 3925 5681 481 66 1470 2474 5478 153 80 4322 396 477 7507 4504 747 525 755 2078 2009 384 146 51 55
leaf_count=101188 5921 12797 4961 2244 21827 9054 1405 3925 5681 481 66 1470 2474 5478 153 80 4322 396 477 7507 4504 747 525 755 2078 2009 384 146 51 55
internal_value=1.93785e-05 -0.00268802 0.00825954 0.000993908 -0.000163146 0.00662315 0.00164432 0.00815091 0.00497529 0.00645437 0.0152685 0.016462 0.000884345 0.00758801 0.0106814 0.0140072 0.00778117 0.0202128 0.0134906 0.014558 0.00352095 0.0100951 -0.000187224 0.00401113 0.0184378 0.0177439 0.00600252 0.0128683 0.0309631 0.0624977
internal_weight=203161 152918 50243 51730 44008 40733 31211 31679 14076 8607 9510 1951 8395 7722 17603 8217 9386 4549 8137 7660 6656 2152 22604 5461 4153 4087 4706 777 252 106
internal_count=203161 152918 50243 51730 44008 40733 31211 31679 14076 8607 9510 1951 8395 7722 17603 8217 9386 4549 8137 7660 6656 2152 22604 5461 4153 4087 4706 777 252 106
cat_boundaries=0 1 2 3
cat_threshold=4 9 3
is_linear=0
shrinkage=0.03


Tree=67
num_leaves=31
num_cat=0
split_feature=8 26 38 36 26 29 30 25 39 40 4 26 30 40 4 40 8 33 34 13 31 33 31 1 29 40 34 33 31 20
split_gain=4541.28 939.221 416.638 315.711 297.887 303.938 273.53 247.897 222.389 222.207 210.596 203.39 244.312 229.507 193.676 173.861 173.191 236.117 152.331 152.031 142.884 182.946 137.161 278.052 175.145 204.517 169.09 168.47 255.234 166.798
threshold=12.16666666666667 12.627819483735417 0.13515993162639175 1.7853837643335537 9.8412663439998074 2.5000000000000004 1.0000000180025095e-35 -1.0000000180025095e-35 0.33364211360270818 35.095000000000034 8.1841151549180768 15.195765381101507 1.9000000000000001 115.89 9.4227856864696484 118.33000000000006 81.166666666666671 3.1000000000000005 2.1041400000000006 0.17415100000000003 2.3666666666666671 1.7083333333333337 1.2916666666666667 7.166666666666667 2.5000000000000004 318.91500000000002 2.1476100000000007 2.5500000000000003 1.9000000000000001 1.3790000000000002
decision_type=10 10 2 2 10 10 10 8 2 2 8 10 10 2 10 2 10 10 10 10 10 10 10 10 10 2 10 10 10 10
left_child=6 2 -2 16 -4 8 -1 -5 -6 19 15 12 22 -13 18 -8 -3 20 -15 -7 -18 -22 23 -9 26 29 -24 -28 -29 -26
right_child=1 3 4 7 5 9 10 11 -10 -11 -12 13 -14 14 -16 -17 17 -19 -20 -21 21 -23 24 -25 25 -27 27 28 -30 -31
leaf_value=0.0021685617284050731 -0.0021942227767072792 0.0033086923733917622 0.00083336790297415737 0.0046347184719819981 0.0028112246169343016 0.0044653295639380999 -0.0036197925984756789 0.019566701277511308 0.0097754809447854005 -0.0025301820841152839 -0.0053891451093672268 0.092178007304668422 0.00072997370355342957 0.0025365792000973291 0.081647517488283264 0.0015403111940424841 0.0082675556857424604 0.051302272380009041 0.051992175098922518 0.029330859587618472 0.029781669465556979 -0.010079597596108443 0.020660270062239951 0.050761315387114883 0.010978625679057923 -0.041228929082197802 -0.025595217582583426 0.071260313660583718 -0.0066819007703957474 -0.043891354501247405
leaf_weight=5980 11158 5919 16689 1874 5562 10639 29017 1801 15992 5258 69894 60 859 182 51 7369 8792 122 81 226 563 127 2653 300 842 84 150 55 121 53
leaf_count=5980 11158 5919 16689 1874 5562 10639 29017 1801 15992 5258 69894 60 859 182 51 7369 8792 122 81 226 563 127 2653 300 842 84 150 55 121 53
internal_value=-4.6719e-05 0.00496521 0.00308623 0.00995198 0.00416998 0.00564793 -0.00407434 0.0143668 0.00797836 0.00253251 -0.00442561 0.0168679 0.0157029 0.0384164 0.0281435 -0.00257475 0.00734512 0.0098328 0.0177682 0.00498255 0.00929923 0.0224449 0.0178257 0.024021 0.0145371 0.00352863 0.0181548 -0.00223459 0.017675 0.00772934
internal_weight=202473 90213 65524 24689 54366 37677 112260 9166 21554 16123 106280 7292 6918 374 314 36386 15523 9604 263 10865 9482 690 6059 2101 3958 979 2979 326 176 895
internal_count=202473 90213 65524 24689 54366 37677 112260 9166 21554 16123 106280 7292 6918 374 314 36386 15523 9604 263 10865 9482 690 6059 2101 3958 979 2979 326 176 895
is_linear=0
shrinkage=0.03


Tree=68
num_leaves=31
num_cat=3
split_feature=0 3 24 37 41 23 10 24 20 38 27 40 33 0 41 36 30 17 42 31 4 28 27 41 25 20 4 40 40 3
split_gain=4705.31 1042.83 604.987 315.564 254.374 258.726 245.133 248.694 201.148 226.638 192.14 188.204 199.463 181.249 169.486 158.473 157.404 156.5 145.29 142.784 178.374 152.4 142.324 138.285 129.557 125.442 137.238 128.015 121.934 142.189
threshold=1.5000000000000002 0.93440860215053767 5.4500000000000011 1.6818284399108541 0 2.9000000000000004 0.90000000000000013 4.5500000000000007 1.1322500000000002 0.23244436473100091 -82663.999999999985 281.43500000000012 1.7083333333333337 5.5000000000000009 1 3.0192413339476554 2.4500000000000006 33.100000000000009 5.5000000000000009 1.9000000000000001 3.2822127116259345 1.0000000180025095e-35 -40258.499999999993 2 -0.099999999999999853 1.4800600000000002 3.4324026353541259 -32.709999999999916 223.22000000000017 7.0227272727272743
decision_type=10 8 2 2 1 10 10 2 10 2 10 2 10 10 1 2 8 10 2 10 10 2 10 1 10 8 10 2 2 10
left_child=1 18 4 6 -2 17 7 14 9 23 24 12 -9 15 -3 28 -15 19 -1 21 -21 -6 -10 -4 -8 26 -12 -27 29 -11
right_child=2 3 8 -5 5 -7 10 11 22 13 25 -13 -14 16 -16 -17 -18 -19 -20 20 -22 -23 -24 -25 -26 27 -28 -29 -30 -31
leaf_value=-0.0009269342304005679 0.011259519895271488 0.0002581013686008122 0.0068999471322425078 -0.0029047439931059243 -0.0012485928988450032 0.013757135994823011 0.0090970219408764551 0.0041526634712725444 0.035528756888886133 0.011140127216195795 0.0068120881319940095 0.012206555100329648 -0.0021030433294615142 0.01870720786637527 -0.0085912916313036422 0.040229312828025561 -0.010115445096487716 0.030681168155775207 -0.0047025496652068968 0.0022186050287044037 0.013743191243889523 0.0043865308114783277 0.016716814466839189 -0.012426091262514746 0.071593166833433003 0.014096423008499163 0.027596572298676736 0.0014524251874107588 0.0025728450159618757 0.051400041343644259
leaf_weight=10188 5323 5297 4612 13934 8720 2235 51 14975 449 6027 625 1850 6613 4662 3073 156 177 183 92058 2716 2178 8559 1867 351 72 996 527 2607 1695 80
leaf_count=10188 5323 5297 4612 13934 8720 2235 51 14975 449 6027 625 1850 6613 4662 3073 156 177 183 92058 2716 2178 8559 1867 351 72 996 527 2607 1695 80
internal_value=2.99192e-05 -0.00258289 0.00801971 0.000938661 0.00531603 0.00402329 0.00239846 0.00143812 0.0120483 0.0109639 0.00866054 0.00302333 0.00223637 0.0130744 -0.00300086 0.0102903 0.0176529 0.00305196 -0.00432634 0.00282393 0.00734745 0.00154272 0.0203639 0.00552201 0.0456801 0.00770294 0.0163203 0.00494769 0.00969168 0.0116675
internal_weight=202856 152866 49990 50620 29914 24591 36686 31808 20076 17760 4878 23438 21588 12797 8370 7958 4839 22356 102246 22173 4894 17279 2316 4963 123 4755 1152 3603 7802 6107
internal_count=202856 152866 49990 50620 29914 24591 36686 31808 20076 17760 4878 23438 21588 12797 8370 7958 4839 22356 102246 22173 4894 17279 2316 4963 123 4755 1152 3603 7802 6107
cat_boundaries=0 1 2 3
cat_threshold=9 2 12
is_linear=0
shrinkage=0.03


Tree=69
num_leaves=31
num_cat=0
split_feature=0 8 24 8 39 38 17 24 9 13 1 0 24 38 39 0 34 18 34 25 24 42 7 25 21 24 27 39 5 19
split_gain=4313.45 908.083 584.843 431.607 282.013 266.471 234.975 204.881 192.117 195.428 208.497 190.567 231.36 192.088 180.154 176.741 200.674 292.762 167.612 164.784 176.162 250.91 232.605 164.356 163.566 158.239 157.377 170.776 193.452 254.718
threshold=1.5000000000000002 1.0000000180025095e-35 6.5500000000000007 88.833333333333357 0.50543920978093493 0.088677011417650303 18.100000000000005 6.3500000000000005 88.90000000000002 0.17225000000000004 6.5833333333333348 1.0000000180025095e-35 11.750000000000002 0.52334902421559304 0.20491750812711759 8.5000000000000018 1.7890000000000004 0.022500000000000003 1.6930000000000003 -1.0000000180025095e-35 10.15 14.500000000000002 7.5633333333333352 1.0000000180025095e-35 0.55000000000000016 4.1500000000000012 1201.5000000000002 0.5909911215623419 9.1000000000000014 9.2200000000000024
decision_type=10 8 2 10 2 2 10 2 10 10 10 8 2 2 2 10 8 10 10 8 2 2 10 8 10 2 10 2 10 10
left_child=1 -1 5 4 25 -2 15 -6 19 -10 -11 13 -13 -9 -5 16 18 -18 -7 -4 22 23 26 -22 -24 -3 -21 28 29 -28
right_child=2 3 8 14 7 6 -8 11 9 10 -12 12 -14 -15 -16 -17 17 -19 -20 20 21 -23 24 -25 -26 -27 27 -29 -30 -31
leaf_value=-0.0043985279750869116 -0.0033772884454883953 -0.0088174694407550866 0.0040212131174041897 -0.0010271717935463832 0.0011315068452672215 0.0076560690919542755 0.012411816179280923 -0.003437287303248437 0.019300297953360336 0.067006779211847223 0.011885917176751746 0.014345331000406525 0.07797695749492016 0.030884736664648322 0.0098287364977593435 0.01360596413376532 0.013071281784811303 0.0021936039905720026 0.023297229146394371 0.010709342590346388 0.092649841136495839 0.016798944700676947 -0.0041518092070021162 0.037644845730370018 0.019052784515060778 -0.0013808585778930505 0.017076668202579935 0.037280937946345627 0.0075721518223600404 0.081640004770359001
leaf_weight=91328 2473 2766 1611 1831 11038 9379 5690 1115 1636 170 97 1732 53 169 5534 2429 2536 18265 660 1538 71 500 968 157 381 37325 163 570 642 83
leaf_count=91328 2473 2766 1611 1831 11038 9379 5690 1115 1636 170 97 1732 53 169 5534 2429 2536 18265 660 1538 71 500 968 157 381 37325 163 570 642 83
internal_value=1.54519e-06 -0.00250029 0.0076488 0.000315729 -0.000610249 0.00617198 0.00677814 0.00303788 0.0147744 0.0231841 0.0469816 0.00989438 0.0162347 0.00108018 0.00712987 0.00581461 0.00520095 0.00351978 0.00868438 0.01238 0.0150345 0.0286921 0.0127462 0.0547736 0.0024019 -0.00189393 0.0174039 0.0244658 0.0162398 0.0388602
internal_weight=202910 152891 50019 61563 54198 41432 38959 14107 8587 1903 267 3069 1785 1284 7365 33269 30840 20801 10039 6684 5073 728 4345 228 1349 40091 2996 1458 888 246
internal_count=202910 152891 50019 61563 54198 41432 38959 14107 8587 1903 267 3069 1785 1284 7365 33269 30840 20801 10039 6684 5073 728 4345 228 1349 40091 2996 1458 888 246
is_linear=0
shrinkage=0.03


Tree=70
num_leaves=31
num_cat=0
split_feature=0 3 24 39 29 2 42 40 36 24 10 20 34 39 28 29 0 39 9 5 36 39 42 4 4 26 20 15 31 5
split_gain=4053.66 869.862 455.126 365.387 338.683 295.041 265.034 257.864 258.344 232.408 225.482 214.282 203.745 183.221 181.027 200.279 220.472 176.997 229.512 165.221 234.324 284.823 164.524 202.965 157.751 156.195 152.229 149.81 146.425 145.667
threshold=1.5000000000000002 0.93440860215053767 8.8500000000000032 0.61257670572363465 3.5000000000000004 3.3666666666666671 4.5000000000000009 167.13500000000002 1.3474344026558946 5.4500000000000011 0.90000000000000013 0.79315000000000013 1.9660000000000002 0.54915044720485084 1.0000000180025095e-35 2.5000000000000004 3.5000000000000004 0.20491750812711759 84.100000000000009 9.1000000000000014 1.8724320737331588 0.69562233755103853 15.500000000000002 6.1914224888428242 4.2283491652841336 13.247504167091028 1.3581100000000002 0.77500000000000013 2.1000000000000005 11.100000000000001
decision_type=10 10 2 2 10 10 2 2 2 2 10 8 10 2 2 8 10 2 10 10 2 2 2 10 10 10 10 10 10 10
left_child=1 6 4 17 5 7 9 8 -2 -1 26 -12 -6 -9 15 16 -4 -3 -19 20 -16 -22 23 -7 -17 -26 -5 -18 29 -21
right_child=2 3 14 10 12 22 -8 13 -10 -11 11 -13 -14 -15 19 24 27 18 -20 28 21 -23 -24 -25 25 -27 -28 -29 -30 -31
leaf_value=-0.002066772228321352 0.0042178457701468851 -0.0036315599364420033 0.0033531272780280286 0.0051711949324431145 0.0030412550289366531 0.010496348034175807 -0.0045365327629042799 -0.018015760284539363 0.011307727052837209 0.0078292118385137385 0.067035687364637844 0.017339736710381456 -0.013442096234281876 0.0013099789353949311 0.013127666309073164 0.044568175228245285 0.036561549670401622 -7.8193823452715508e-05 0.0074596459704111976 -0.01800111148133874 0.13205800224868758 0.034603537921201098 0.01387453166403037 -0.0031355613040277915 -0.019776008034308835 0.0088238052319442473 0.0548752009457842 0.096272326550393736 -0.0083433652357556495 0.030301529055595459
leaf_weight=9613 10679 9736 136 5719 9951 4110 95609 511 8160 2746 90 590 724 3247 74 83 132 24203 4278 60 53 55 8888 1292 233 655 56 53 117 885
leaf_count=9613 10679 9736 136 5719 9951 4110 95609 511 8160 2746 90 590 724 3247 74 83 132 24203 4278 60 53 55 8888 1292 233 655 56 53 117 885
internal_value=-0.000115127 -0.00254539 0.00728947 0.000975414 0.0066292 0.00799107 -0.00400213 0.00585745 0.00728879 0.000131979 0.00757719 0.0239171 0.00192332 -0.00131787 0.0196727 0.0118077 0.0323507 -0.000139651 0.00105403 0.0278411 0.0542512 0.0824284 0.011365 0.007236 0.00501642 0.00131957 0.00565317 0.0536679 0.0233151 0.0272347
internal_weight=202738 152640 50098 44672 47562 36887 107968 22597 18839 12359 6455 680 10675 3758 2536 1292 321 38217 28481 1244 182 108 14290 5402 971 888 5775 185 1062 945
internal_count=202738 152640 50098 44672 47562 36887 107968 22597 18839 12359 6455 680 10675 3758 2536 1292 321 38217 28481 1244 182 108 14290 5402 971 888 5775 185 1062 945
is_linear=0
shrinkage=0.03


Tree=71
num_leaves=31
num_cat=1
split_feature=3 7 7 38 29 29 38 14 37 41 29 33 5 27 23 22 28 22 25 36 4 31 38 33 30 5 25 5 31 20
split_gain=3804.49 583.317 498.379 367.446 281.492 257.241 231.257 231.454 203.358 189.359 177.583 243.437 171.104 168.472 163.465 152.584 150.558 144.18 138.857 169.044 145.289 142.739 138.122 133.173 131.885 195.319 129.656 139.949 130.045 127.342
threshold=1.5638586956521741 4.5900000000000016 0.29000000000000009 0.36939189925009258 3.5000000000000004 3.5000000000000004 0.56278800936543705 0.27837800000000007 2.1090901779039295 0 1.5000000000000002 1.9000000000000001 19.900000000000002 -16.499999999999996 5.366666666666668 1.9000000000000001 1.0000000180025095e-35 0.36666666666666675 1.0000000180025095e-35 1.7210786101923554 6.0012200081333882 1.2916666666666667 0.58276713969204696 1.3666666666666669 3.9000000000000004 17.900000000000002 0.099999999999999881 3.9000000000000004 1.9000000000000001 1.1545000000000003
decision_type=10 10 8 2 8 8 2 10 2 1 10 10 10 10 10 10 2 10 10 2 10 10 2 10 8 8 8 10 10 10
left_child=2 3 -1 5 6 14 7 -3 13 -5 11 -9 -8 22 15 26 -6 -7 20 23 -18 -21 24 -20 25 -4 28 -28 -2 -17
right_child=1 4 8 9 16 17 12 10 -10 -11 -12 -13 -14 -15 -16 29 18 -19 19 21 -22 -23 -24 -25 -26 -27 27 -29 -30 -31
leaf_value=-0.0041743270413048547 0.0023885844477891716 0.0099916865442499989 -0.0011647571344092029 0.012589332483407722 0.0023849341124709696 -0.00094477782052746276 0.075800967417333429 0.075088138158961731 -0.0054271505690172868 0.0044408720357069116 0.017987811108843819 -0.0046343149110674858 0.014054354541003703 0.0034149937047915188 0.014736508621489043 0.018379154392351653 0.010587811535273745 0.0076563400402452821 0.031691941037753843 0.05854851011545039 -0.0072848256881620117 0.01963616569196024 0.048444538449539852 0.00066449453001962851 0.0040906695227579202 -0.013030425461783502 0.037315418938624445 -0.010863597660271269 0.0086032203712719853 0.0022869712011232761
leaf_weight=92555 12136 7691 19279 5845 4584 15741 92 111 5913 4638 2999 50 72 12402 1430 1175 2108 1974 184 156 508 186 51 385 3888 1335 58 842 4039 710
leaf_count=92555 12136 7691 19279 5845 4584 15741 92 111 5913 4638 2999 50 72 12402 1430 1175 2108 1974 184 156 508 186 51 385 3888 1335 58 842 4039 710
internal_value=-3.26133e-05 0.00577345 -0.00293575 0.0040265 0.0102114 0.00265812 0.0133346 0.0128002 -0.000261588 0.00900045 0.0196356 0.0503296 0.0486927 0.00056493 0.00495566 0.00421797 0.00597016 1.36533e-05 0.0106298 0.0207168 0.00711713 0.0373857 -0.00087467 0.010698 -0.000977326 -0.0019332 0.00332377 -0.00775873 0.00394042 0.0123179
internal_weight=203137 67714 135423 48588 19126 38105 11015 10851 42868 10483 3160 161 164 36955 20390 18960 8111 17715 3527 911 2616 342 24553 569 24502 20614 17075 900 16175 1885
internal_count=203137 67714 135423 48588 19126 38105 11015 10851 42868 10483 3160 161 164 36955 20390 18960 8111 17715 3527 911 2616 342 24553 569 24502 20614 17075 900 16175 1885
cat_boundaries=0 1
cat_threshold=3
is_linear=0
shrinkage=0.03


Tree=72
num_leaves=31
num_cat=3
split_feature=3 8 39 24 8 24 41 24 18 23 18 30 29 41 27 29 27 20 5 17 36 40 24 24 30 40 39 20 24 41
split_gain=3422.1 579.989 495.003 424.391 328.011 316.669 266.989 251.855 236.863 220.229 218.482 193.283 192.818 199.194 255.927 173.417 167.614 175.298 172.358 171.02 166.757 197.809 174.732 254.866 158.326 154.956 233.644 158.151 154.874 149.505
threshold=1.5638586956521741 7.416666666666667 0.5177867058984168 10.950000000000001 78.416666666666671 7.9500000000000011 0 4.0500000000000007 23.090000000000007 15.100000000000001 13.320000000000002 1.9000000000000001 2.5000000000000004 1 -26163.499999999996 4.5000000000000009 -175955.49999999997 1.0121100000000001 24.100000000000005 31.225000000000005 2.8213120058654755 270.69000000000011 10.550000000000002 8.6500000000000004 0.90000000000000013 163.61500000000015 0.56851913221360395 1.2063333333333335 4.7500000000000009 2
decision_type=10 8 2 2 10 2 1 2 10 8 10 10 8 1 10 10 10 10 10 10 2 2 2 2 10 2 2 10 2 1
left_child=1 -1 4 7 -2 11 15 -3 20 -8 24 25 13 14 -9 -6 -10 18 19 -18 21 -7 23 -22 -11 -4 27 -27 -15 -28
right_child=2 3 5 -5 6 8 9 12 16 10 -12 -13 -14 28 -16 -17 17 -19 -20 -21 22 -23 -24 -25 -26 26 29 -29 -30 -31
leaf_value=-0.0039503767566734099 0.0014377155261421721 -0.0079521491276767706 0.012892121400775149 0.087749770170450214 0.013244450871450581 0.015355433751429941 0.013827744865475167 0.026735883066138735 -0.011873100184532533 0.0080620461082397364 0.0076624489756187799 -0.0024282984466054073 -0.00050127685428457422 -0.0061046064767418719 0.0062391663864462812 -0.0075449970594505958 0.02431839412486669 0.070408204859404855 0.010943331365723983 0.055859794067357901 0.064381334071650226 -0.0065663907514456913 0.070151084913261996 -0.024910820871591566 -0.0012346159148374487 -0.011417170656048489 0.0122154553058859 0.02953944635161377 0.0039214389361700991 0.0037791916355241154
leaf_weight=96838 23774 3069 5569 50 5602 1361 2076 638 83 2076 6717 1472 24138 1971 3898 386 366 99 331 268 51 509 87 66 8010 872 4008 94 4677 3629
leaf_count=96838 23774 3069 5569 50 5602 1361 2076 638 83 2076 6717 1472 24138 1971 3898 386 366 99 331 268 51 509 87 66 8010 872 4008 94 4677 3629
internal_value=4.02493e-05 -0.00271275 0.00555713 0.000405002 0.00395728 0.00968216 0.00636609 0.000291245 0.0182481 0.00460705 0.00347058 0.00791849 0.00100748 0.00426378 0.00910202 0.0118845 0.0291876 0.0323906 0.0284904 0.0376514 0.0121981 0.00938848 0.0379533 0.0140114 0.000678915 0.00899318 0.00646927 -0.00743174 0.00094749 0.0082276
internal_weight=202785 135279 67506 38441 48641 18865 24867 38391 3221 18879 16803 15644 35322 11184 4536 5988 1147 1064 965 634 2074 1870 204 117 10086 14172 8603 966 6648 7637
internal_count=202785 135279 67506 38441 48641 18865 24867 38391 3221 18879 16803 15644 35322 11184 4536 5988 1147 1064 965 634 2074 1870 204 117 10086 14172 8603 966 6648 7637
cat_boundaries=0 1 2 3
cat_threshold=9 3 3
is_linear=0
shrinkage=0.03


Tree=73
num_leaves=31
num_cat=2
split_feature=0 17 37 0 24 8 32 41 24 28 37 0 24 25 40 39 11 32 24 41 11 18 12 33 37 25 30 3 28 18
split_gain=3600.75 728.099 380.873 338.813 311.838 414.523 272.406 259.277 280.73 217.226 213.63 212.142 177.4 176.175 170.73 183.48 169.122 162.748 158.398 155.859 155.788 154.55 136.064 135.817 176.503 134.252 131.14 138.632 160.559 130.399
threshold=1.0000000180025095e-35 17.225000000000005 1.9415523018028404 3.5000000000000004 4.5500000000000007 56.416666666666679 1.8040000000000003 0 4.5500000000000007 1.0000000180025095e-35 1.2274104112024995 -1.4999999999999998 6.5500000000000007 1.0000000180025095e-35 196.65499999999989 0.58491212206656806 12.500000000000002 1.7010000000000003 9.4500000000000011 1 4.5000000000000009 15.680000000000001 0.040010000000000011 1.7750000000000001 0.78395862102017599 -0.20000000000000059 1.4500000000000002 5.0142857142857151 1.0000000180025095e-35 8.5225000000000026
decision_type=10 10 2 10 2 8 10 1 2 2 2 8 2 8 2 2 10 8 2 1 8 10 10 10 2 10 10 10 2 10
left_child=4 2 3 7 -1 13 9 10 -9 -3 14 -7 23 -6 -2 -16 -8 -14 -11 -4 -13 -19 -10 -5 26 -17 27 28 -25 -20
right_child=1 6 19 12 5 11 16 8 22 18 -12 20 17 -15 15 25 -18 21 29 -21 -22 -23 -24 24 -26 -27 -28 -29 -30 -31
leaf_value=-0.0044546545979500555 0.012500099043957649 0.006128057115087346 -0.0062869328988117736 0.010468653307960644 -0.0028720291971495305 -0.035351357346231287 0.029757436101017696 -0.0063835126329932369 0.0014484813804590691 0.011816121934628311 0.002925488116255552 0.018747757727798034 0.0025721254014857355 0.0056366585694860912 -0.018541443454066536 -0.033854570118710396 -0.0072413561608464941 0.016729120248222776 0.060349677970697138 0.001138952275383814 0.004754648675770903 0.044944978049727247 0.0075003431523499387 0.038761921220065387 0.00091597917064973439 0.0079896855960903037 0.046877666739998637 -0.028281614797455924 0.0055305875109425227 0.021629844001898595
leaf_weight=74194 5698 7344 3932 7012 40589 110 946 3617 16489 6117 8417 831 304 2315 318 72 126 409 87 7168 5177 305 4194 194 3584 1660 111 70 402 781
leaf_count=74194 5698 7344 3932 7012 40589 110 946 3617 16489 6117 8417 831 304 2315 318 72 126 409 87 7168 5177 305 4194 194 3584 1660 111 70 402 781
internal_value=-1.80256e-05 0.00496586 0.00355573 0.00461666 -0.00322788 -0.00137119 0.0108217 0.00328753 0.00132667 0.00973041 0.00623051 0.00593422 0.00895717 -0.00241292 0.00982895 0.00240447 0.0254087 0.0209552 0.0135179 -0.00149619 0.00669011 0.0287821 0.00267565 0.00788322 0.00372614 0.0062502 0.0166883 0.0116568 0.0163475 0.0255107
internal_weight=202573 79357 63956 52856 123216 49022 15401 40465 24300 14329 16165 6118 12391 42904 7748 2050 1072 1018 6985 11100 6008 714 20683 11373 4361 1732 777 666 596 868
internal_count=202573 79357 63956 52856 123216 49022 15401 40465 24300 14329 16165 6118 12391 42904 7748 2050 1072 1018 6985 11100 6008 714 20683 11373 4361 1732 777 666 596 868
cat_boundaries=0 1 2
cat_threshold=3 2
is_linear=0
shrinkage=0.03


Tree=74
num_leaves=31
num_cat=2
split_feature=0 3 26 37 8 29 28 24 26 39 23 24 40 42 29 24 12 4 27 24 0 40 1 41 0 42 5 8 32 41
split_gain=3314.25 663.543 464.08 334.394 250.827 250.255 209.675 178.867 180.835 170.023 165.446 170.647 154.361 156.735 158.15 152.296 156.235 151.852 151.176 140.921 140.626 154.544 142.19 137.261 135.454 134.45 130.418 132.459 212.615 126.292
threshold=1.5000000000000002 0.93440860215053767 12.711550494807712 0.89272198588394247 82.416666666666671 3.5000000000000004 1.0000000180025095e-35 11.850000000000003 11.375208180839518 0.61257670572363465 9.5500000000000025 5.1500000000000012 184.87000000000003 7.5000000000000009 2.5000000000000004 7.9500000000000011 0.032130000000000013 2.7333708286464198 2891.5000000000005 4.0500000000000007 5.5000000000000009 160.62500000000003 6.8333333333333348 0 -1.4999999999999998 5.5000000000000009 20.100000000000005 50.166666666666679 1.9470000000000007 1
decision_type=10 8 10 2 10 10 2 2 10 2 10 2 2 2 8 2 8 10 10 2 10 2 10 1 8 2 10 10 10 1
left_child=1 25 5 7 19 10 -4 8 -3 -6 11 12 13 -2 23 -8 -17 -11 -19 -5 21 22 -13 -15 -21 -1 27 -10 -29 -18
right_child=2 3 6 4 9 -7 15 -9 26 17 -12 20 -14 14 -16 16 29 18 -20 24 -22 -23 -24 -25 -26 -27 -28 28 -30 -31
leaf_value=-0.00042557466239692454 -0.002969298030176753 0.00067506410082812033 0.007426010395679074 -0.010311148504530616 0.0038561383983601412 -0.0002107537328715583 0.012280789668111887 0.052399458536191983 0.0074012820936796998 -0.009961336108504748 0.027485802530987574 0.0081537517942945822 -0.0064392184639444792 0.0043621531281986779 0.0032674301872859892 0.06398658358975301 0.027656325429747653 0.083380350708961479 0.023475443533468015 -0.031762878364601795 0.014002854572031161 -0.0012507643932128806 0.046558774796258973 0.015180035511194021 -0.00096460947873813557 -0.0040593644931948602 -0.0087069582524804436 0.015700613175336837 0.057492953261360523 0.0087164196691102598
leaf_weight=10176 2114 3046 8084 1554 6865 7548 6325 76 2128 61 318 6174 1252 1911 7525 79 872 60 103 129 3070 1814 88 2427 34808 92141 294 1259 120 544
leaf_count=10176 2114 3046 8084 1554 6865 7548 6325 76 2128 61 318 6174 1252 1911 7525 79 872 60 103 129 3070 1814 88 2427 34808 92141 294 1259 120 544
internal_value=-0.000113156 -0.00230913 0.00657921 0.000504592 -0.000468369 0.0046123 0.0108139 0.00662934 0.0061213 0.00469538 0.00597612 0.00571678 0.00365236 0.00455633 0.0058974 0.0143162 0.0229276 0.0304158 0.0455263 -0.00147152 0.00853744 0.00645983 0.00869346 0.0104595 -0.00107833 -0.00369796 0.0104857 0.0120947 0.0193374 0.0206368
internal_weight=202965 152820 50145 50503 43580 34241 15904 6923 6847 7089 26693 26375 15229 13977 11863 7820 1495 224 163 36491 11146 8076 6262 4338 34937 102317 3801 3507 1379 1416
internal_count=202965 152820 50145 50503 43580 34241 15904 6923 6847 7089 26693 26375 15229 13977 11863 7820 1495 224 163 36491 11146 8076 6262 4338 34937 102317 3801 3507 1379 1416
cat_boundaries=0 1 2
cat_threshold=4 4
is_linear=0
shrinkage=0.03


Tree=75
num_leaves=31
num_cat=2
split_feature=8 0 29 7 26 29 14 41 37 40 41 39 29 34 13 16 30 31 38 31 25 4 33 0 38 34 40 39 5 25
split_gain=3218.03 635.072 431.676 370.882 315.517 218.263 229.523 206.695 204.454 191.718 189.278 202.577 262.964 182.224 181.911 179.477 178.145 194.14 175.467 171.503 168.693 153.05 149.928 166.306 149.657 148.316 140.676 139.513 183.547 175.549
threshold=57.833333333333336 1.0000000180025095e-35 3.5000000000000004 5.8900000000000015 11.523593359495175 2.5000000000000004 0.37211800000000012 0 0.61884036918662078 276.54500000000013 1 0.35975309550754647 2.5000000000000004 1.5810000000000006 0.21220100000000006 1.0000000180025095e-35 0.90000000000000013 1.5500000000000003 0.048838267690693701 1.1000000000000003 0.099999999999999881 4.2863770933675056 2.1000000000000005 5.5000000000000009 0.5161115948674041 1.0310000000000004 72.885000000000005 0.70629831531894427 14.550000000000002 1.0000000180025095e-35
decision_type=10 8 10 10 10 8 10 1 2 2 1 2 10 10 10 10 10 10 2 10 8 10 10 10 2 8 2 2 10 8
left_child=1 -1 3 10 22 8 -7 18 -6 14 21 13 -13 -12 27 -8 17 -16 -4 20 -11 25 23 -3 -14 -2 -9 28 -5 -29
right_child=2 4 7 9 5 6 15 26 -10 19 11 12 24 -15 16 -17 -18 -19 -20 -21 -22 -23 -24 -25 -26 -27 -28 29 -30 -31
leaf_value=-0.0034177870994680768 0.011257831965190208 -0.00011388258107896648 -0.033984461637277322 0.020694180085514168 0.045409187137212773 0.0020828503954437886 0.078444502538158767 0.0055750418250053125 0.011796228517126249 0.0064992190609055181 0.0036960512816573044 0.01266495308361843 0.0023080056185121201 0.023674677929880057 0.017250052977220289 0.011287233246019088 0.021903523478535414 0.089894571083563343 -0.0025247463552361868 -0.0065921940805477421 0.068852805046266632 0.0097949431938892124 -0.0066822645460930946 0.010172329265517963 0.043059510075184236 0.00018585992741145473 -0.0084422052354145207 0.0091616673987697482 0.0088129527816526373 0.042163571941880335
leaf_weight=111809 1241 22177 165 1592 176 4794 63 6971 2182 124 9729 9946 3554 429 56 83 541 81 4841 707 57 2528 2902 1511 83 8883 710 264 4417 322
leaf_count=111809 1241 22177 165 1592 176 4794 63 6971 2182 124 9729 9946 3554 429 56 83 541 81 4841 707 57 2528 2902 1511 83 8883 710 264 4417 322
internal_value=4.05265e-05 -0.00232737 0.0060676 0.00745782 0.00127031 0.00679575 0.00321134 0.00118546 0.0143051 0.0132379 0.00616166 0.00774104 0.0101408 0.0045398 0.0148446 0.0402661 0.029642 0.0602005 -0.00355457 7.86395e-05 0.0261354 0.00318935 -0.000246225 0.00054225 0.003238 0.00154306 0.00427378 0.0133233 0.0119607 0.0272958
internal_weight=202938 145697 57241 44554 33888 7298 4940 12687 2358 8161 36393 23741 13583 10158 7273 146 678 137 5006 888 181 12652 26590 23688 3637 10124 7681 6595 6009 586
internal_count=202938 145697 57241 44554 33888 7298 4940 12687 2358 8161 36393 23741 13583 10158 7273 146 678 137 5006 888 181 12652 26590 23688 3637 10124 7681 6595 6009 586
cat_boundaries=0 1 2
cat_threshold=2 4
is_linear=0
shrinkage=0.03


Tree=76
num_leaves=31
num_cat=2
split_feature=0 24 23 41 24 27 28 39 25 7 24 36 12 19 33 36 29 41 14 39 33 36 40 36 24 30 35 17 19 31
split_gain=2897.25 707.334 337.397 350.408 293.698 512.932 257.818 244.678 245.235 198.308 193.98 410.123 181.497 177.005 170.681 170.327 163.898 203.36 202.374 182.026 152.647 150.179 188.022 166.448 157.998 168.038 155.112 149.806 138.403 136.169
threshold=1.0000000180025095e-35 6.0500000000000007 4.7750000000000012 0 4.5500000000000007 39.500000000000007 1.0000000180025095e-35 0.86697371621784303 1.0000000180025095e-35 7.1200000000000019 8.4500000000000011 2.3077459926325123 0.020200000000000003 23.220000000000006 0.70833333333333337 2.0972834205360078 2.5000000000000004 1 0.44225000000000009 0.20747994835580644 3.4500000000000006 1.7033520118331025 181.905 2.0132735777899762 10.350000000000003 1.0000000180025095e-35 1.0000000180025095e-35 25.633333333333336 34.273333333333348 2.2250000000000005
decision_type=10 2 10 1 2 8 2 2 8 10 2 2 10 10 10 2 10 1 10 2 10 2 2 2 2 8 2 10 10 10
left_child=4 2 3 -2 -1 -6 12 8 14 16 -7 -12 -5 -9 -3 -14 17 19 -19 -8 -16 27 24 -24 25 -23 -25 -10 -26 -4
right_child=1 7 29 6 5 10 9 13 21 -11 11 -13 15 -15 20 -17 -18 18 -20 -21 -22 22 23 26 28 -27 -28 -29 -30 -31
leaf_value=-0.0040494331375544148 0.0097186610019682883 0.020758908640720702 0.011354509856379482 -0.0014176890283397643 -0.002311059560263578 0.0053717893087211442 -0.0091484009162906346 0.070870985607890513 0.00012022068451200307 0.019589220021939368 0.0069845730993670294 0.081950433394859884 0.0033863998561330551 0.0055878606186074717 0.0066796298484395862 0.027022291891289726 0.00082428599433242696 0.0023133053370005719 0.062840483289957047 0.011202807892119075 -0.031132727931877695 0.072042225920237027 -0.005584448019647823 0.022428497206159345 0.086935882471598586 0.021928921883368025 -0.013109160209210907 0.016485822261307195 0.027971196277762084 0.039390406137840318
leaf_weight=74241 5614 794 2832 22008 42115 6710 425 102 873 709 218 94 5431 59 10204 289 11526 8757 50 5707 97 65 317 1091 77 819 123 1189 67 165
leaf_count=74241 5614 794 2832 22008 42115 6710 425 102 873 709 218 94 5431 59 10204 289 11526 8757 50 5707 97 65 317 1091 77 819 123 1189 67 165
internal_value=1.79503e-05 0.00448839 0.00307258 0.00258599 -0.00285864 -0.00105948 0.00185453 0.0101521 0.00977511 0.00393153 0.00644698 0.0295704 -0.000180306 0.0469474 0.00735661 0.00458059 0.00351206 0.00558578 0.00265392 0.00977635 0.00632357 0.0155819 0.0204367 0.0137732 0.0303606 0.0256137 0.0188279 0.00955703 0.0595009 0.012898
internal_weight=202768 79390 63513 60516 123378 49137 54902 15877 15716 27174 7022 312 27728 161 11095 5720 26465 14939 8807 6132 10301 4621 2559 1531 1028 884 1214 2062 144 2997
internal_count=202768 79390 63513 60516 123378 49137 54902 15877 15716 27174 7022 312 27728 161 11095 5720 26465 14939 8807 6132 10301 4621 2559 1531 1028 884 1214 2062 144 2997
cat_boundaries=0 1 2
cat_threshold=1 2
is_linear=0
shrinkage=0.03


Tree=77
num_leaves=31
num_cat=1
split_feature=3 8 28 7 24 24 3 24 18 21 42 1 31 3 39 24 24 41 31 7 23 24 27 40 24 31 26 30 37 25
split_gain=2926.02 467.915 401.359 409.087 285.703 274.521 219.019 205.81 225.261 195.589 193.08 183.182 203.313 202.131 188.862 177.577 172.214 164.789 192.366 170.228 158.673 163.506 157.787 141.38 141.149 135.983 139.227 134.295 128.475 127.853
threshold=1.5303308823529413 7.416666666666667 1.0000000180025095e-35 3.4450000000000007 5.5500000000000007 9.8500000000000032 3.8851648351648356 10.250000000000002 17.445000000000007 0.29166666666666669 10.500000000000002 4.166666666666667 1.9000000000000001 5.1449579831932786 0.78630223834526436 11.450000000000001 4.0500000000000007 0 3.2250000000000005 0.077500000000000027 8.2250000000000014 12.550000000000002 50153.500000000007 245.40000000000001 10.550000000000002 0.55000000000000016 15.195765381101507 1.9000000000000001 1.9647105550227679 0.19999999999999954
decision_type=10 8 2 10 2 2 10 2 10 10 2 10 10 10 2 2 2 1 8 10 10 2 10 2 2 8 10 8 2 8
left_child=1 -1 6 27 16 25 7 -2 -9 -7 24 15 13 -13 22 -11 -3 18 -18 -19 21 -8 -15 -23 -6 -5 -27 -4 -20 -28
right_child=2 4 3 5 10 9 20 8 -10 11 -12 12 -14 14 -16 -17 17 19 28 -21 -22 23 -24 -25 -26 26 29 -29 -30 -31
leaf_value=-0.0034432822245974008 0.0016344415676480314 -0.0074454518923564063 0.0060777425116888091 -0.00023972166430212381 0.011950110912763826 0.012723756475038782 0.0061992243314286828 0.010303480095975101 0.087284630831295187 0.10646136217392407 0.0017516454178076182 -0.0042724983138697483 -0.023125474853949113 0.010959530763739589 0.10549124264549463 0.034251579575497522 0.0012434186694074518 -0.0088915940419243607 0.015764095832236372 -0.00055921181794666016 0.031311930469960801 0.058849774995446205 0.070287421078078047 0.0020167700831706706 0.061901794391182749 0.010726804657152922 0.021548252774554553 0.00015721554557820045 -0.0087354397614087375 0.07589767976048982
leaf_weight=96614 27579 2990 14634 1024 2433 418 6150 100 52 65 3076 70 55 86 50 58 11699 2650 1376 13190 251 100 76 65 52 12878 147 4511 224 53
leaf_count=96614 27579 2990 14634 1024 2433 418 6150 100 52 65 3076 70 55 86 50 58 11699 2650 1376 13190 251 100 76 65 52 12878 147 4511 224 53
internal_value=0.000235231 -0.00233729 0.00528477 0.00758823 0.000497807 0.0113016 0.00299286 0.00182631 0.0366391 0.0275775 0.00677604 0.0410751 0.0296378 0.0399285 0.0545232 0.0724112 -0.000588852 0.000114715 0.00257581 -0.00195197 0.00791968 0.00698991 0.0387924 0.036461 0.0129954 0.0102882 0.0111126 0.00468273 0.0123342 0.0359509
internal_weight=202726 134304 68422 34125 37690 14980 34297 27731 152 878 5561 460 337 282 212 123 32129 29139 13299 15840 6566 6315 162 165 2485 14102 13078 19145 1600 200
internal_count=202726 134304 68422 34125 37690 14980 34297 27731 152 878 5561 460 337 282 212 123 32129 29139 13299 15840 6566 6315 162 165 2485 14102 13078 19145 1600 200
cat_boundaries=0 1
cat_threshold=3
is_linear=0
shrinkage=0.03


Tree=78
num_leaves=31
num_cat=1
split_feature=0 26 29 24 24 41 29 13 32 13 26 39 8 31 25 34 13 37 26 27 39 30 37 4 34 4 29 34 39 40
split_gain=2538.42 511.973 397.471 383.596 334.222 315.808 230.569 190.706 198.289 546.746 179.125 261.478 167.537 165.551 162.029 154.858 172.594 187.634 143.409 138.548 137.966 143.091 172.272 137.256 138.802 134.369 132.859 170.944 143.458 203.197
threshold=1.5000000000000002 10.282728457786151 3.5000000000000004 4.5500000000000007 5.3500000000000005 0 2.5000000000000004 0.21633333333333341 1.7160000000000004 0.24000000000000005 13.890004205722564 0.86697371621784303 64.166666666666671 2.1000000000000005 0.20000000000000065 1.8550000000000002 0.042010000000000013 1.2099984979309155 12.513196978873964 -52.499999999999993 0.6169141898522964 0.77500000000000013 0.88627846076043959 3.3001746216530852 1.3990000000000002 3.2500930752047661 2.5000000000000004 1.8470000000000004 0.39773225746488899 216.15000000000001
decision_type=10 8 10 2 2 1 8 10 10 10 10 2 10 10 10 10 10 2 10 8 2 8 2 10 8 10 8 10 2 2
left_child=1 -1 4 12 5 23 19 10 18 -10 -6 13 -3 14 25 16 -4 -18 -9 -5 -8 22 -22 -2 -25 -12 27 28 -7 -30
right_child=2 3 15 6 7 26 20 8 9 -11 11 -13 -14 -15 -16 -17 17 -19 -20 -21 21 -23 -24 24 -26 -27 -28 -29 29 -31
leaf_value=-0.0033739427936701314 -0.0028710908646553488 -0.0034056380567369579 0.0001458764729087935 0.0036470425175552813 0.0081311637833459023 0.0067958525171973698 -0.00031159059467618573 0.046049167006756604 0.1340317877708003 0.023729447990318165 0.061708102557394243 0.084081253641843795 0.0039437508341457726 -0.0016348537919765285 0.036793170932473404 -0.010232550580348623 0.054909710033637718 0.0083878016704563296 0.0046120947822900545 0.011084934132860953 0.013999167465018107 0.0034792086637031976 0.064567102167917334 0.013897301322404845 0.001164885654632931 0.013829032219282028 0.0052212454198247351 -0.0060120359909973595 0.021067917049774492 -0.0022601149775770329
leaf_weight=95946 5085 22550 8455 6530 13652 1818 18173 97 52 182 54 50 3186 463 351 1045 82 1610 334 3442 500 2527 69 1056 2851 2285 7393 453 2319 393
leaf_count=95946 5085 22550 8455 6530 13652 1818 18173 97 52 182 54 50 3186 463 351 1045 82 1610 334 3442 500 2527 69 1056 2851 2285 7393 453 2319 393
internal_value=-0.000116524 -0.00203629 0.00574561 0.000216251 0.00717941 0.00466106 0.00245042 0.0102509 0.0260085 0.0482411 0.00962918 0.0160141 -0.00249582 0.0149347 0.0177866 0.0007637 0.00189616 0.0106424 0.0139378 0.00621435 0.000685699 0.00653962 0.0201313 0.000377376 0.00460626 0.0149344 0.00776686 0.0115592 0.0133164 0.0176874
internal_weight=203003 152923 50080 56977 38888 21368 31241 17520 665 234 16855 3203 25736 3153 2690 11192 10147 1692 431 9972 21269 3096 569 8992 3907 2339 12376 4983 4530 2712
internal_count=203003 152923 50080 56977 38888 21368 31241 17520 665 234 16855 3203 25736 3153 2690 11192 10147 1692 431 9972 21269 3096 569 8992 3907 2339 12376 4983 4530 2712
cat_boundaries=0 1
cat_threshold=4
is_linear=0
shrinkage=0.03


Tree=79
num_leaves=31
num_cat=2
split_feature=0 19 24 39 24 8 29 36 28 31 34 34 41 0 4 25 3 16 24 33 41 23 17 25 3 39 38 0 24 8
split_gain=2486.24 527.36 324.265 250.103 213.784 219.307 187.651 176.016 173.191 167.855 151.439 170.636 164.858 150.683 143.583 151.997 142.758 166.47 220.921 141.139 136.613 144.766 148.875 135.153 133.209 130.004 145.959 129.092 132.445 156.982
threshold=1.5000000000000002 1.4900000000000004 5.4500000000000011 0.22339212866776217 8.1500000000000004 88.833333333333357 2.5000000000000004 0.97013530470419207 1.0000000180025095e-35 2.2250000000000005 1.7330000000000003 1.6930000000000003 0 4.5000000000000009 2.2196716951620594 0.20000000000000065 5.1449579831932786 0.29166666666666669 9.2500000000000018 1.2916666666666667 1 0.77500000000000013 6.7750000000000012 0.19999999999999954 4.1165158371040729 0.65155857321028732 0.48637062102120826 -1.4999999999999998 4.5500000000000007 69.416666666666671
decision_type=10 8 2 2 2 10 8 2 2 10 10 10 1 10 10 10 10 10 2 10 1 10 10 8 10 2 2 8 2 10
left_child=1 -1 6 -3 5 27 9 -7 13 10 11 12 -2 -4 -10 -16 -17 18 -18 25 -8 22 -22 -11 -24 -6 -27 -5 -29 -30
right_child=2 3 8 4 19 7 20 -9 14 23 -12 -13 -14 -15 15 16 17 -19 -20 -21 21 -23 24 -25 -26 26 -28 28 29 -31
leaf_value=-0.0031901825309608813 0.0012418259754550212 -0.0029720454347127077 0.0027495298259836236 -0.025903680070253191 0.017647115781493482 0.050630845213536078 0.007537125420867429 0.0063283779662801354 0.032133148049916883 0.019284463287603304 -0.0062032573454056253 0.054386226620853823 0.010713163358291446 0.010132125797788187 0.01018290325650166 0.0069802562745386052 0.032460190134389062 0.016439357252719885 0.11280629415488379 0.0075884646382016006 -0.0024231391238323428 0.0084053769406325762 0.004750676197375959 -0.012375157012751228 -0.013223121087939944 0.090106541690367609 0.020946204265720157 -0.0021196846270983174 0.0026646190552783843 -0.0067602175710390995
leaf_weight=99776 2928 13772 5649 167 250 82 3633 5139 297 1386 868 68 3826 4447 9188 152 70 104 55 963 8782 2160 5903 133 396 57 53 11123 19862 1729
leaf_count=99776 2928 13772 5649 167 250 82 3633 5139 297 1386 868 68 3826 4447 9188 152 70 104 55 963 8782 2160 5903 133 396 57 53 11123 19862 1729
internal_value=-5.12778e-06 -0.00190401 0.00579921 0.000508319 0.00172408 0.00131243 0.00383209 0.00702418 0.0087637 0.00739933 0.00559922 0.00710092 0.00662484 0.00600135 0.0115904 0.0109528 0.0295203 0.0444815 0.0678125 0.0135795 0.00225832 0.00114095 0.000101245 0.0165124 0.00362072 0.0296056 0.0567838 0.000405495 0.000539799 0.00190988
internal_weight=203018 152973 50045 53197 39425 38102 30083 5221 19962 9209 7690 6822 6754 10096 9866 9569 381 229 125 1323 20874 17241 15081 1519 6299 360 110 32881 32714 21591
internal_count=203018 152973 50045 53197 39425 38102 30083 5221 19962 9209 7690 6822 6754 10096 9866 9569 381 229 125 1323 20874 17241 15081 1519 6299 360 110 32881 32714 21591
cat_boundaries=0 1 2
cat_threshold=4 9
is_linear=0
shrinkage=0.03


Tree=80
num_leaves=31
num_cat=1
split_feature=3 0 0 29 14 39 24 5 24 36 6 3 36 18 3 40 42 7 34 32 11 42 20 29 26 21 24 41 24 37
split_gain=2350.59 372.129 312.678 271.989 243.101 216.854 194.585 189.844 172.209 249.725 192.615 215.691 237.691 211.442 192.689 208.695 172.845 155.711 152.809 203.331 162.569 250.001 198.02 148.955 148.052 173.399 144.469 254.12 198.126 185.72
threshold=1.5303308823529413 1.5000000000000002 1.0000000180025095e-35 3.5000000000000004 0.56100000000000017 0.61257670572363465 6.4500000000000011 1.7750000000000001 9.4500000000000011 1.4038409129250933 1.1000000000000003 6.0135135135135149 2.7563127402222052 18.090000000000007 3.9177927927927931 142.12499999999991 6.5000000000000009 11.590000000000002 1.9660000000000002 1.0090000000000003 9.5000000000000018 22.500000000000004 1.3497000000000003 1.5000000000000002 13.399594275892712 0.55000000000000016 4.0500000000000007 0 4.5500000000000007 1.7704064684986747
decision_type=10 10 8 10 10 2 2 10 2 2 10 10 2 10 10 2 2 10 10 10 10 2 10 8 10 10 2 1 2 2
left_child=2 5 -1 4 7 23 26 -3 16 -10 11 12 14 -13 -11 -16 -9 -15 19 -5 24 22 -22 -2 -21 -26 -4 29 -29 -28
right_child=1 3 6 18 -6 -7 -8 8 9 10 -12 13 -14 17 15 -17 -18 -19 -20 20 21 -23 -24 -25 25 -27 27 28 -30 -31
leaf_value=-0.0030766815388768584 0.028990489637401112 0.033236356404654326 -0.0075181523707381929 0.0002886930481995544 0.02502359352063134 0.0079729969327562242 0.0093264275594601622 0.0010146946685546171 -0.022869993556110611 0.0411309037590189 -0.00057339483218740175 0.0096775322931038354 0.071150668750827512 0.090867432653903957 0.036737242806397501 -0.0092787982501662692 0.0075623054022869556 0.031481547544664534 -0.01178053420574378 0.0020086370529052767 0.030761609319869401 0.00070142578242310123 0.093696734329351952 0.00055703946055375459 0.03196160313439779 -0.022732375964762703 0.0066051007685175959 -0.0072361355107932786 7.7704066844106639e-05 -0.0029088741879797065
leaf_weight=102861 167 252 2283 6284 713 4455 2033 4246 124 166 268 74 72 114 122 325 24953 61 691 1189 137 153 67 23488 329 62 7308 4540 12543 2471
leaf_count=102861 167 252 2283 6284 713 4455 2033 4246 124 166 268 74 72 114 122 325 24953 61 691 1189 137 153 67 23488 329 62 7308 4540 12543 2471
internal_value=3.15671e-05 0.00455195 -0.00227896 0.00639617 0.00770564 0.00190128 0.000352862 0.00730445 0.00709036 0.0176642 0.0218458 0.0282787 0.0195867 0.0521904 0.0135303 0.00328039 0.00661018 0.0701672 0.00176923 0.00290813 0.0114061 0.02969 0.0514315 0.000757774 0.00727483 0.0232889 -0.000273087 0.000342671 -0.00186494 0.00419678
internal_weight=202551 68512 134039 40402 31490 28110 31178 30777 30525 1326 1202 934 685 249 613 447 29199 175 8912 8221 1937 357 204 23655 1580 391 29145 26862 17083 9779
internal_count=202551 68512 134039 40402 31490 28110 31178 30777 30525 1326 1202 934 685 249 613 447 29199 175 8912 8221 1937 357 204 23655 1580 391 29145 26862 17083 9779
cat_boundaries=0 1
cat_threshold=3
is_linear=0
shrinkage=0.03


Tree=81
num_leaves=31
num_cat=1
split_feature=3 39 29 19 8 24 24 40 11 24 41 24 40 18 38 36 2 24 27 32 35 2 32 7 27 13 26 7 34 36
split_gain=2028.7 371.979 331.559 306.733 242.27 232.911 222.534 214.667 239.81 202.876 177.102 177.036 205.592 156.696 159.846 151.679 182.965 315.356 158.645 151.604 141.161 211.64 158.849 195.691 139.282 138.884 146.477 135.23 130.62 227.204
threshold=1.5638586956521741 0.48191274238623633 2.5000000000000004 1.4900000000000004 85.416666666666671 7.8500000000000005 4.0500000000000007 48.284999999999975 11.500000000000002 8.5500000000000025 0 5.3500000000000005 26.744999999999894 13.055000000000001 0.088677011417650303 3.0192413339476554 6.5500000000000007 9.6500000000000004 -175955.49999999997 2.6620000000000004 1.0000000180025095e-35 5.1000000000000005 1.5127800000000002 5.7775000000000016 -21.499999999999996 0.39238600000000007 12.627819483735417 6.1225000000000014 1.7890000000000004 1.6342838568346261
decision_type=10 2 10 8 10 2 2 2 10 2 1 2 2 10 2 2 10 2 10 10 2 10 10 10 10 8 10 10 8 2
left_child=3 4 5 -1 19 7 -5 8 -3 24 -6 -4 27 14 -12 18 17 -17 -7 -2 22 -22 25 -24 -8 -20 -27 -13 -9 -30
right_child=1 2 11 6 10 15 9 28 -10 -11 13 12 -14 -15 -16 16 -18 -19 20 -21 21 -23 23 -25 -26 26 -28 -29 29 -31
leaf_value=-0.0030878700146673202 0.00065741967050782126 0.013580318614249432 -0.0063617194467612227 -0.0073614854034708471 0.010144655053808283 -0.013038233044969205 -0.00083112037889911767 0.012379813328322439 0.046196217998218388 0.025065608110151013 -0.012819539627786158 0.019218086164334031 0.0035792991129952427 0.0074910423006774177 0.0022240242440569793 0.020734606562625792 0.0018554310898407031 0.11904763291369785 -0.0086536443494954467 0.049213715216209146 0.017151561692695723 -0.046789850400139887 0.0058877128656481346 0.067734609529489773 0.0031066320384040935 0.0070076112300882761 0.026855191621299779 0.079543427681922907 -0.012839421826048998 0.0062997155596866018
leaf_weight=96374 26068 1229 1800 3332 4865 156 23323 2857 243 306 689 101 4305 5526 8215 63 59 55 161 58 132 72 71 131 12373 488 1065 50 599 8202
leaf_count=96374 26068 1229 1800 3332 4865 156 23323 2857 243 306 689 101 4305 5526 8215 63 59 55 161 58 132 72 71 131 12373 488 1065 50 599 8202
internal_value=-6.51862e-05 0.00419512 0.00741259 -0.00217669 0.00264812 0.0097547 5.58231e-05 0.00816942 0.0189646 0.000742298 0.00519764 0.00157864 0.00478615 0.0035203 0.00105994 0.0182401 0.0449908 0.0665585 0.0161598 0.000765215 0.0183083 -0.005416 0.0208343 0.0459963 0.000533789 0.0178689 0.0206185 0.0391934 0.00680636 0.0049971
internal_weight=202968 67260 21839 135708 45421 15583 39334 13130 1472 36002 19295 6256 4456 14430 8904 2453 177 118 2276 26126 2120 204 1916 202 35696 1714 1553 151 11658 8801
internal_count=202968 67260 21839 135708 45421 15583 39334 13130 1472 36002 19295 6256 4456 14430 8904 2453 177 118 2276 26126 2120 204 1916 202 35696 1714 1553 151 11658 8801
cat_boundaries=0 1
cat_threshold=9
is_linear=0
shrinkage=0.03


Tree=82
num_leaves=31
num_cat=1
split_feature=0 8 28 36 38 7 25 42 38 8 9 17 29 11 0 17 27 5 23 27 26 41 12 11 32 40 37 27 42 5
split_gain=2158.34 446.486 335.465 294.469 293.505 246.474 212.02 196.631 184.141 202.935 167.353 185.309 164.967 157.787 155.6 150.706 149.973 146.505 143.365 142.925 185.258 140.092 138.73 130.264 127.889 121.427 204.289 131.773 117.777 116.592
threshold=1.5000000000000002 1.0000000180025095e-35 1.0000000180025095e-35 2.5532336771308186 0.50325451102033569 3.7100000000000004 0.20000000000000065 21.500000000000004 0.16620475080068983 88.833333333333357 51.100000000000009 18.633333333333336 4.5000000000000009 5.5000000000000009 -1.4999999999999998 4.366666666666668 20286.500000000004 2.1000000000000005 11.300000000000002 57579.500000000007 15.195765381101507 0 0.54700000000000015 20.500000000000004 1.9727300000000003 281.43500000000012 0.74093275278540804 -635.49999999999989 31.500000000000004 15.633333333333335
decision_type=10 8 2 2 2 10 10 2 2 10 10 10 10 10 8 10 10 10 10 10 10 1 10 10 10 2 2 10 2 10
left_child=1 -1 3 12 8 -6 15 -5 -3 14 11 -7 17 -12 -10 18 -9 -2 21 -8 -21 -4 25 -17 -23 26 27 -19 -24 -11
right_child=2 4 6 7 5 10 19 16 9 29 13 -13 -14 -15 -16 23 -18 22 -20 20 -22 24 28 -25 -26 -27 -28 -29 -30 -31
leaf_value=-0.0030566057999773357 0.019881516678294367 -0.0030863368638756701 -0.0013615308416322339 0.0073866266574178418 0.0063132531215480863 0.10543089943149915 0.074858345511668131 0.032349370522424578 -0.026586977112658169 0.009952384318493027 0.051009458691626784 0.028055868459865449 -0.0062229019451680682 0.0041920716157587967 0.00020888829068450396 0.0097135691150732721 0.089810918497462422 0.0018188855540938675 0.051442014585281234 0.014210341704824754 0.07614042191505431 0.0077479116150404696 0.039329923767461833 -0.012119206619141624 -0.013354571056000224 -0.007661008557784863 0.0029499633353780694 0.056237832929625683 -0.010330125874486461 0.0010291312822120462
leaf_weight=91145 471 14303 2835 175 1499 52 53 120 196 3183 100 60 1753 184 39708 15187 62 64 58 333 50 5590 166 250 271 966 21481 107 58 2249
leaf_count=91145 471 14303 2835 175 1499 52 53 120 196 3183 100 60 1753 184 39708 15187 62 64 58 333 50 5590 166 250 271 966 21481 107 58 2249
internal_value=4.86749e-05 -0.00172362 0.0054551 0.00303778 0.000250824 0.0118742 0.00795056 0.030092 -0.000118504 0.000817815 0.0329244 0.06398 0.00265246 0.0206771 7.72727e-05 0.00757687 0.0519242 0.00331983 0.00443247 0.0286848 0.0222952 0.00411893 0.00297833 0.00935999 0.00676064 0.00274567 0.00320996 0.0358705 0.0264715 0.00625791
internal_weight=202729 152679 50050 25423 61534 1895 24627 357 59639 45336 396 112 25066 284 39904 24191 182 23313 8754 436 383 8696 22842 15437 5861 22618 21652 171 224 5432
internal_count=202729 152679 50050 25423 61534 1895 24627 357 59639 45336 396 112 25066 284 39904 24191 182 23313 8754 436 383 8696 22842 15437 5861 22618 21652 171 224 5432
cat_boundaries=0 1
cat_threshold=4
is_linear=0
shrinkage=0.03


Tree=83
num_leaves=31
num_cat=2
split_feature=0 26 24 24 39 24 9 29 4 0 2 27 41 12 4 29 4 7 6 4 5 42 37 39 41 37 36 40 20 7
split_gain=1948.06 452.796 382.743 362.916 254.978 185.171 260.183 179.416 177.048 185.878 195.751 174.08 173.744 171.276 150.029 145.877 181.217 141.715 140.253 155.139 130.626 127.56 125.141 123.178 122.517 155.457 142.103 141.28 119.45 119.101
threshold=1.5000000000000002 10.668455269566346 5.5500000000000007 4.3500000000000005 0.62220007323212134 9.1500000000000004 76.225000000000009 1.5000000000000002 2.0008237232289958 6.5000000000000009 8.7083333333333339 -100634.99999999999 0 0.011990000000000002 8.6324116665824207 2.5000000000000004 1.0005055611729021 7.6633333333333349 1.0000000180025095e-35 5.4593286605126208 5.9000000000000012 25.500000000000004 2.1090901779039295 0.86697371621784303 1 0.99766240014169061 1.8187058327337786 112.04499999999997 0.58450000000000013 6.8450000000000015
decision_type=10 8 2 2 2 2 8 8 10 10 10 10 1 10 10 8 8 10 10 10 10 2 2 2 1 2 2 2 10 10
left_child=1 -1 7 -3 15 11 -7 20 -4 10 14 -6 28 17 23 16 -5 22 19 -11 -2 -19 24 -10 25 -14 -27 -26 -9 -18
right_child=2 3 8 4 5 6 -8 12 9 18 -12 -13 13 -15 -16 -17 29 21 -20 -21 -22 -23 -24 -25 27 26 -28 -29 -30 -31
leaf_value=-0.0028462659439632953 0.058959315815861793 -0.0037431874001707115 0.03278007158388694 0.038465240587540667 -0.0055013703533754264 0.01677832284814626 0.081994529545772812 0.011978496990727307 0.0062345166469754973 0.014513793195581343 0.044679037383405354 0.0082875539228999297 0.011763903495471021 0.0057456404430915918 -0.017080969882990758 -0.0002905024093447792 0.0033829253792246323 0.0092090771635339099 0.011836878845409479 0.052843745924168968 0.014860909201149857 0.054682902947261733 -0.005896324353606321 0.042266468566647446 0.0006879626681843056 0.0027790735677978144 -0.016711027148891899 -0.0085996353181725521 0.0011097279286873087 0.031312370820503151
leaf_weight=104656 71 12457 270 139 977 394 64 2906 12015 226 119 5262 1758 7993 248 21360 7443 199 4265 164 407 77 2590 86 7193 5915 357 1854 1325 140
leaf_count=104656 71 12457 270 139 977 394 64 2906 12015 226 119 5262 1758 7993 248 21360 7443 199 4265 164 407 77 2590 86 7193 5915 357 1854 1325 140
internal_value=-5.63585e-05 -0.0017379 0.00508162 0.000666889 0.00220232 0.00747985 0.0258915 0.00316646 0.00867618 0.0082961 0.00638622 0.00612827 0.00289535 0.00203445 0.00601721 0.000987015 0.00452079 0.000548053 0.0134116 0.030632 0.0214111 0.0218956 0.000248469 0.00649059 0.00118042 0.00387479 0.0016697 -0.001214 0.00855456 0.00389857
internal_weight=202930 152892 50038 48236 35779 6697 458 32645 17393 17123 12468 6239 32167 27936 12349 29082 7722 19943 4655 390 478 276 19667 12101 17077 8030 6272 9047 4231 7583
internal_count=202930 152892 50038 48236 35779 6697 458 32645 17393 17123 12468 6239 32167 27936 12349 29082 7722 19943 4655 390 478 276 19667 12101 17077 8030 6272 9047 4231 7583
cat_boundaries=0 1 2
cat_threshold=1 2
is_linear=0
shrinkage=0.03


Tree=84
num_leaves=31
num_cat=2
split_feature=0 26 28 24 42 26 24 4 32 27 30 24 24 41 4 42 31 24 41 37 23 42 11 26 9 9 9 31 24 42
split_gain=1880.56 485.073 281.218 193.31 219.108 191.987 183.058 159.947 158.905 144.981 143.726 138.551 138.172 135.485 119.494 185.498 143.46 116.293 118.31 151.272 123.68 137.08 115.708 128.487 119.135 110.962 108.463 107.834 140.585 127.644
threshold=1.0000000180025095e-35 12.876810604573722 1.0000000180025095e-35 4.9500000000000011 4.5000000000000009 9.8865702583358637 5.9500000000000011 2.3549850109340533 2.4490000000000003 54.500000000000007 1.6333333333333335 7.3500000000000005 7.7500000000000009 0 2.2937259479205334 5.5000000000000009 1.7750000000000001 5.3500000000000005 1 1.6818284399108541 1.6333333333333335 6.5000000000000009 12.500000000000002 10.409898444682103 73.100000000000009 24.633333333333336 89.63333333333334 0.70833333333333337 12.550000000000002 26.500000000000004
decision_type=10 10 2 2 2 10 2 10 10 10 10 2 2 1 10 2 10 2 1 2 10 2 10 10 10 10 10 10 2 2
left_child=3 2 -2 -1 11 -4 -3 12 25 22 17 13 -8 -5 16 -16 -12 18 -7 20 21 -20 24 -24 -6 -9 27 -27 -29 -30
right_child=1 6 5 4 9 10 7 8 -10 -11 14 -13 -14 -15 15 -17 -18 -19 19 -21 -22 -23 23 -25 -26 26 -28 28 29 -31
leaf_value=-0.0030189385081946839 0.00029936545666242121 0.0049916742640408176 0.00098138945009632549 0.012143464583233982 -0.0031244383198127746 0.00085104665188368033 0.018388934706389491 0.030573789581124271 0.056789493940093298 0.0054924522814649435 0.0075262040790814392 0.021458281623644077 0.073229358160673677 0.00071862704671199474 -0.014435770567421588 0.002806317033114473 0.042863067131765999 0.0111312026437837 -0.0053366649777533137 -0.0053554482847751363 0.02719720089691691 0.010712592288159411 -0.001344545459835743 0.010980502576805684 0.01730621901788534 -0.0030790516256198113 0.015169947137998158 0.0080174568297044137 0.055486755671851129 0.0057653843901223608
leaf_weight=90767 30672 9481 10068 1278 21355 3101 108 231 66 2503 538 440 67 3421 632 5039 128 5520 547 649 352 3851 2079 1201 260 767 2228 5206 109 81
leaf_count=90767 30672 9481 10068 1278 21355 3101 108 231 66 2503 538 440 67 3421 632 5039 128 5520 547 649 352 3851 2079 1201 260 767 2228 5206 109 81
internal_value=1.13727e-05 0.00361099 0.00232647 -0.00230775 -0.00032378 0.00437004 0.00788923 0.0109888 0.0104169 -0.00138999 0.00604597 0.00536058 0.039385 0.00385324 0.00229654 0.000884787 0.0143177 0.0077407 0.00553887 0.0082146 0.010086 0.00871647 -0.00208196 0.00316838 -0.00287868 0.0100619 0.00949719 0.00744642 0.00894254 0.0342898
internal_weight=202745 79441 61097 123304 32537 30425 18344 8863 8688 27398 20357 5139 175 4699 6337 5671 666 14020 8500 5399 4750 4398 24895 3280 21615 8622 8391 6163 5396 190
internal_count=202745 79441 61097 123304 32537 30425 18344 8863 8688 27398 20357 5139 175 4699 6337 5671 666 14020 8500 5399 4750 4398 24895 3280 21615 8622 8391 6163 5396 190
cat_boundaries=0 1 2
cat_threshold=3 4
is_linear=0
shrinkage=0.03


Tree=85
num_leaves=31
num_cat=1
split_feature=0 26 24 41 23 24 27 37 4 17 0 9 4 24 42 40 24 31 4 36 40 19 14 11 36 38 42 24 9 24
split_gain=1765.06 471.8 296.072 220.958 209.391 208.913 410.366 197.281 250.141 165.779 165.376 158.154 157.936 154.837 147.025 142.184 140.313 251.262 208.03 152.084 304.7 243.174 219.89 190.496 184.175 200.653 200.088 155.164 150.674 146.589
threshold=1.0000000180025095e-35 10.054898768941644 5.5500000000000007 0 0.55000000000000016 4.5500000000000007 39.500000000000007 0.57968710841690363 5.3376329780323157 4.2250000000000005 -1.4999999999999998 75.100000000000009 4.0225140782868296 11.450000000000001 31.500000000000004 305.52000000000015 10.450000000000001 0.70833333333333337 10.008305647840533 1.4401111695997673 140.46000000000006 41.620000000000012 0.64100000000000013 7.5000000000000009 2.8213120058654755 0.47603322115428487 19.500000000000004 11.450000000000001 82.225000000000009 12.15
decision_type=10 10 2 1 10 2 8 2 10 10 8 10 10 2 2 2 2 10 10 2 2 10 8 10 2 2 2 2 10 2
left_child=5 -2 3 -3 9 -1 11 8 15 -5 -8 -7 -13 -12 -10 -4 -9 -18 19 -19 23 22 -22 27 25 26 29 -21 -27 -24
right_child=1 2 7 4 -6 6 10 16 14 -11 13 12 -14 -15 -16 -17 17 18 -20 20 21 -23 24 -25 -26 28 -28 -29 -30 -31
leaf_value=-0.0032499643032474789 -0.00021945966654542939 0.0090747405419177377 0.013202724179083651 -0.0012871578924168446 0.0097695408259628816 -0.0020500209989024526 -0.043976901587793382 0.0066295178716826442 -0.0074785232296987868 0.003446395065333654 0.0060420439451481286 0.0087049665886126913 0.061489404934017278 0.054446627758443354 0.050743725585937496 0.065780739683297368 -0.016059887056182349 -0.013894100571693531 0.069284520876378958 0.10639605079008185 -0.026865392371830416 -0.036711073496077003 0.036359223512160338 0.020176344019174577 0.07637024529021362 0.015693824887275696 0.0094268631264055394 0.043001612746289802 -0.054053055006265636 0.097278949981927862
leaf_weight=74216 22255 4972 66 11629 3004 41595 59 20302 178 15580 6816 486 57 60 50 155 181 116 78 69 82 80 123 100 58 63 191 70 50 50
leaf_count=74216 22255 4972 66 11629 3004 41595 59 20302 178 15580 6816 486 57 60 50 155 181 116 78 69 82 80 123 100 58 63 191 70 50 50
internal_value=1.74397e-06 0.00348712 0.00492807 0.00321968 0.0022524 -0.00224578 -0.000727088 0.00765266 0.027335 0.0014233 0.00603529 -0.00184003 0.0142459 0.00646442 0.00528951 0.0500787 0.00724377 0.016756 0.0220123 0.0185073 0.0225229 0.0124998 0.0188804 0.0517535 0.025892 0.0197541 0.0305952 0.0744708 -0.0151676 0.0539661
internal_weight=202791 79502 57247 35185 30213 123289 49073 22062 449 27209 6935 42138 543 6876 228 221 21613 1311 1130 1052 936 697 617 239 535 477 364 139 113 173
internal_count=202791 79502 57247 35185 30213 123289 49073 22062 449 27209 6935 42138 543 6876 228 221 21613 1311 1130 1052 936 697 617 239 535 477 364 139 113 173
cat_boundaries=0 1
cat_threshold=1
is_linear=0
shrinkage=0.03


Tree=86
num_leaves=31
num_cat=1
split_feature=0 24 24 27 8 29 24 36 8 42 29 22 23 40 25 27 27 0 24 41 17 0 34 17 31 36 9 25 34 26
split_gain=1637.45 524.191 247.591 263.013 248.38 217.589 218.774 223.315 310.444 263.485 203.393 204.859 187.143 175.381 192.294 160.416 158.507 149.757 149.298 144.501 144.276 141.057 139.708 137.391 143.523 131.493 131.188 164.541 131.002 139.106
threshold=1.0000000180025095e-35 5.1500000000000012 5.4500000000000011 -1.0000000180025095e-35 65.833333333333357 3.5000000000000004 10.450000000000001 2.7563127402222052 83.416666666666671 14.500000000000002 1.5000000000000002 0.22500000000000003 1.5500000000000003 187.23499999999993 1.0000000180025095e-35 1201.5000000000002 -10962.499999999998 -1.0000000180025095e-35 7.7500000000000009 0 18.633333333333336 4.5000000000000009 1.9660000000000002 4.5500000000000007 2.2250000000000005 1.3283621696789034 87.100000000000009 -1.0000000180025095e-35 0.95200000000000018 13.890004205722564
decision_type=10 2 2 8 10 10 2 2 10 2 8 10 10 2 10 10 10 8 2 1 8 10 10 10 10 2 10 10 8 10
left_child=2 10 -1 4 -4 6 15 9 -9 26 -2 12 23 14 16 21 -11 -5 19 -19 -15 28 -7 -12 -25 -26 27 -8 29 -3
right_child=1 5 3 17 -6 22 7 8 -10 13 11 -13 -14 20 -16 -17 -18 18 -20 -21 -22 -23 -24 24 25 -27 -28 -29 -30 -31
leaf_value=-0.0026515354213855762 0.016943727086228027 0.010340037674266153 -0.0014514815982015197 -0.043816970980167388 0.035837676809255058 0.0028606799052255721 0.017489248844344288 0.095004319218517846 0.0049097142893759936 0.032285232364937855 -0.0021857818875561752 0.0071448346821802794 0.0073252153607668118 -0.056744353850930927 0.054636016228751645 0.00982281387750626 -0.028390975024264589 0.017859563058950506 0.024569826646622543 0.0033056457930558257 -0.0019585620098373046 0.0098979203026586526 -0.011044116657185479 0.00068311434642098583 -0.001628201063558982 0.017248227925645631 0.017727631395564804 0.079459655311177754 0.002729575761084299 0.052212702522152349
leaf_weight=107356 717 1181 11730 50 163 7399 62 79 61 77 19213 4158 2989 50 103 9613 78 773 458 2919 321 4167 713 13705 513 942 158 102 13004 76
leaf_count=107356 717 1181 11730 50 163 7399 62 79 61 77 19213 4158 2989 50 103 9613 78 773 458 2919 321 4167 713 13705 513 942 158 102 13004 76
internal_value=3.09628e-05 0.00338946 -0.00213136 0.00133872 -0.000940414 0.00598395 0.00719396 0.020374 0.0557488 0.0151664 0.00110167 0.000828095 0.000125108 0.00386814 0.0228643 0.00668116 0.0017514 0.00779248 0.00841428 0.00641015 -0.00934209 0.00504232 0.00163853 -0.000500997 0.00163421 0.0105928 0.0372366 0.0560318 0.00362353 0.0128717
internal_weight=202930 79481 123449 16093 11893 37244 29132 1091 140 951 42237 41520 37362 629 258 28041 155 4200 4150 3692 371 18428 8112 34373 15160 1455 322 164 14261 1257
internal_count=202930 79481 123449 16093 11893 37244 29132 1091 140 951 42237 41520 37362 629 258 28041 155 4200 4150 3692 371 18428 8112 34373 15160 1455 322 164 14261 1257
cat_boundaries=0 1
cat_threshold=3
is_linear=0
shrinkage=0.03


Tree=87
num_leaves=31
num_cat=1
split_feature=0 29 7 24 42 8 22 23 18 0 42 0 24 33 28 41 23 38 1 14 38 39 15 17 32 38 3 33 36 27
split_gain=1614.73 427.971 299.687 275.668 299.31 232.035 206.897 214.85 203.069 198.95 187.647 207.099 181.881 180.049 162.366 153.776 203.392 153.273 210.863 151.554 149.465 145.833 144.483 135.044 144.389 138.808 133.912 126.436 124.045 131.084
threshold=1.0000000180025095e-35 2.5000000000000004 5.8225000000000007 8.8500000000000032 5.5000000000000009 89.833333333333357 1.0000000180025095e-35 5.1000000000000005 14.680000000000001 6.5000000000000009 2.5000000000000004 -1.4999999999999998 5.9500000000000011 1.9000000000000001 1.0000000180025095e-35 0 5.9000000000000012 0.36409675478520304 8.5833333333333339 0.21010800000000004 0.33127216997846543 0.64639561073412699 0.22500000000000003 43.100000000000009 1.6750000000000005 0.37108552526488553 5.6720430107526889 3.9000000000000004 1.8024612964092637 840.50000000000011
decision_type=10 8 10 2 2 10 10 10 10 10 2 10 2 10 2 1 10 2 10 10 2 2 10 10 8 2 10 10 2 10
left_child=5 3 6 8 -5 10 7 9 15 14 12 -12 -1 21 -3 -2 -17 18 -10 20 -11 -7 -19 24 25 -6 -26 -4 29 -18
right_child=1 2 27 4 23 13 -8 -9 17 19 11 -13 -14 -15 -16 16 28 22 -20 -21 -22 -23 -24 -25 26 -27 -28 -29 -30 -31
leaf_value=0.0004078242372203228 0.0013778728288640749 -0.0025905882306273293 0.00786195926440348 0.074372166234837916 0.028486281485872015 0.0028807003668420072 0.0075912554894515018 0.0092169252248429871 0.014710369434488451 0.0010304951294080272 -0.013496105534423847 -0.0024093638819841856 0.013681589627049436 0.033024918230462677 0.0013679649433069685 0.0063550978886014785 0.025852493201864175 0.0093089570076337683 0.067073697103580951 0.026091581270199976 0.016362579617550631 0.047211949901921409 -0.0099650484338811001 -0.0057153309169927788 0.022134744846945744 -0.039640458288945649 0.05886255466403105 -0.02959504662582043 0.0069479912627016154 0.090201280731707814
leaf_weight=5807 7803 19931 7432 92 51 1454 3932 2354 2750 2364 1537 113129 1106 237 17525 10943 58 1743 71 331 755 70 438 179 378 57 117 82 71 56
leaf_count=5807 7803 19931 7432 92 51 1454 3932 2354 2750 2364 1537 113129 1106 237 17525 10943 58 1743 71 331 755 70 438 179 378 57 117 82 71 56
internal_value=3.70686e-05 0.00337066 0.00188856 0.0066391 0.023188 -0.00211198 0.00100255 0.000403684 0.00603475 -0.000103488 -0.00226859 -0.00255797 0.00253147 0.00869976 -0.000738451 0.00461429 0.00687627 0.0114107 0.0160283 0.00679019 0.00474185 0.00491691 0.00543825 0.0171664 0.0239588 -0.0074695 0.0308159 0.00745319 0.0380758 0.0574624
internal_weight=202853 79513 54706 24807 874 123340 47192 43260 23933 40906 121579 114666 6913 1761 37456 18931 11128 5002 2821 3450 3119 1524 2181 782 603 108 495 7514 185 114
internal_count=202853 79513 54706 24807 874 123340 47192 43260 23933 40906 121579 114666 6913 1761 37456 18931 11128 5002 2821 3450 3119 1524 2181 782 603 108 495 7514 185 114
cat_boundaries=0 1
cat_threshold=4
is_linear=0
shrinkage=0.03


Tree=88
num_leaves=31
num_cat=0
split_feature=8 26 38 28 38 27 0 33 13 17 17 21 42 18 9 42 6 17 38 40 9 26 18 7 18 33 31 40 30 40
split_gain=1555.93 304.923 293.309 226.377 223.792 186.884 150.393 203.975 162.3 149.592 139.421 138.809 173.043 154.506 137.105 150.079 207.601 196.709 172.757 180.737 148.543 142.76 141.755 150.344 137.174 136.325 155.009 131.891 138.356 136.904
threshold=57.833333333333336 10.078301833232755 0.08065555877940371 1.0000000180025095e-35 0.41163471124007112 -6.4999999999999991 1.0000000180025095e-35 1.9000000000000001 0.057710000000000018 21.900000000000002 70.550000000000011 0.45000000000000007 6.5000000000000009 17.645000000000007 73.90000000000002 19.500000000000004 0.29166666666666669 35.45000000000001 0.45100626716399567 245.40000000000001 85.63333333333334 11.972784056829001 20.145000000000007 7.7900000000000018 11.645000000000003 1.5500000000000003 1.9000000000000001 184.87000000000003 1.1000000000000003 151.47000000000006
decision_type=10 8 2 2 2 10 10 10 10 10 10 10 2 10 10 2 10 10 2 2 10 10 10 10 10 10 10 2 10 2
left_child=1 -1 -2 10 6 -6 -3 8 -8 11 -4 -5 -13 -14 -11 16 21 25 20 -20 -19 -16 24 -24 -23 26 -17 29 -29 -18
right_child=2 4 3 9 5 -7 7 -9 -10 14 -12 12 13 -15 15 17 27 18 19 -21 -22 22 23 -25 -26 -27 -28 28 -30 -31
leaf_value=-0.002668536719856493 -0.0058258888825235607 -0.0016894623771142843 0.0025996809618336419 0.0064416951686032632 0.0024662341070531731 0.013754287012796733 0.0030505799068070339 -0.0050453166144108809 0.017080973576550605 0.003875277307360812 0.046590202964269196 -0.012273385097309126 -0.00021700362230709904 0.020010857315509303 0.0036283304123416742 0.015140860929322946 0.003215563974466333 0.047041048010970865 0.097899136547531407 0.033306561594998292 0.011659587061263785 0.043885478788790282 0.089950440356980507 0.029855328608961666 -0.0019918392704227775 0.00064178454178747616 0.056023896670767237 0.0048328881858494769 -0.040748273556481203 0.050944090062945049
leaf_weight=91144 2497 33593 26591 20512 6665 1646 8843 2741 810 1489 65 818 1607 431 223 407 802 175 70 88 274 109 67 85 127 432 105 116 124 58
leaf_count=91144 2497 33593 26591 20512 6665 1646 8843 2741 810 1489 65 818 1607 431 223 407 802 175 70 88 274 109 67 85 127 432 105 116 124 58
internal_value=4.09976e-05 -0.00160831 0.0042294 0.00468779 0.000171379 0.00470184 -0.000647389 0.00217707 0.00422789 0.00656556 0.00270695 0.00557893 -0.000617533 0.00406082 0.0114184 0.0148616 0.00873496 0.0216202 0.0349437 0.0619235 0.0254497 0.0227562 0.0337498 0.0563446 0.0191973 0.0130531 0.0235251 0.00094679 -0.0187174 0.00643446
internal_weight=202714 145442 57272 54775 54298 8311 45987 12394 9653 28119 26656 23368 2856 2038 4751 3262 1711 1551 607 158 449 611 388 152 236 944 512 1100 240 860
internal_count=202714 145442 57272 54775 54298 8311 45987 12394 9653 28119 26656 23368 2856 2038 4751 3262 1711 1551 607 158 449 611 388 152 236 944 512 1100 240 860
is_linear=0
shrinkage=0.03


Tree=89
num_leaves=31
num_cat=2
split_feature=0 26 28 24 30 39 0 8 20 3 32 24 2 29 41 24 0 34 27 40 27 12 25 41 24 18 18 7 39 40
split_gain=1446.7 357.099 279.947 267.43 193.996 185.015 179.043 192.274 199.733 249.437 203.482 178.413 164.459 150.948 161.602 154.752 156.354 160.131 141.827 161.046 250.133 153.079 149.783 133.391 253.014 128.259 216.386 195.256 167 131.324
threshold=1.0000000180025095e-35 10.008455490892345 1.0000000180025095e-35 7.9500000000000011 1.0000000180025095e-35 0.51187180706413982 -1.4999999999999998 62.166666666666679 1.5770000000000004 3.1449579831932777 1.3350000000000002 5.9500000000000011 10.100000000000001 4.5000000000000009 0 4.6500000000000012 3.5000000000000004 2.5850000000000004 -1199.4999999999998 131.4250000000001 -52074.499999999993 0.098090000000000024 -1.0000000180025095e-35 1 4.4500000000000011 25.210000000000004 34.935000000000009 8.0450000000000035 0.81752706542604059 253.37000000000003
decision_type=10 10 2 2 10 2 10 10 8 10 10 2 10 10 1 2 10 10 10 2 10 10 8 1 2 10 10 10 2 2
left_child=4 -2 13 -4 11 -5 -6 -8 9 -9 -11 23 18 14 -3 -16 -17 -18 19 20 -7 -21 -20 24 -1 27 -27 28 -24 -29
right_child=1 2 3 5 6 12 7 8 -10 10 -12 -13 -14 -15 15 16 17 -19 22 21 -22 -23 25 -25 -26 26 -28 29 -30 -31
leaf_value=-0.0088378221817836649 -0.00017717848018025838 0.01006566516308437 0.0055862794250825876 0.0019622248800738396 -0.011930727113868896 0.072717641947548026 -0.0023881823436684357 0.010148190702884015 0.0008192447771673756 0.018509178552031515 0.087936508670969346 0.014452629784720625 -0.027562723889946936 -0.0056516596607242599 -0.0021875758257875796 0.0015267447552964244 0.006903719900034723 0.059772160864220214 -0.013619107876327776 0.012293999192785031 0.0019706308896738018 -0.030320975025494894 0.030454781086962732 -0.0043161704728424026 0.01145951728722092 0.077870171461662224 0.026575721140592271 0.020001807205728254 0.089605241525173185 -0.031939051849362639
leaf_weight=785 21603 2531 26385 607 1729 92 112867 537 1843 75 77 1041 60 2014 5761 12696 6114 52 63 483 88 90 305 2393 1868 137 161 120 50 69
leaf_count=785 21603 2531 26385 607 1729 92 112867 537 1843 75 77 1041 60 2014 5761 12696 6114 52 63 483 88 90 305 2393 1868 137 161 120 50 69
internal_value=-4.13967e-05 0.00311425 0.00434277 0.00644577 -0.00207697 0.0161996 -0.00234834 -0.00220477 0.00597107 0.0197516 0.0536796 0.00314475 0.02123 0.00227279 0.00286055 0.00211498 0.00343023 0.00734958 0.0229957 0.0133766 0.0381302 0.00560055 0.0309992 0.000811916 0.00543323 0.0343376 0.0501574 0.0256717 0.0387858 0.00103927
internal_weight=202696 79481 57878 28710 123215 2325 117128 115399 2532 689 152 6087 1718 29168 27154 24623 18862 6166 1658 753 180 573 905 5046 2653 842 298 544 355 189
internal_count=202696 79481 57878 28710 123215 2325 117128 115399 2532 689 152 6087 1718 29168 27154 24623 18862 6166 1658 753 180 573 905 5046 2653 842 298 544 355 189
cat_boundaries=0 1 2
cat_threshold=1 3
is_linear=0
shrinkage=0.03


Tree=90
num_leaves=31
num_cat=1
split_feature=3 28 42 24 36 40 7 0 18 23 34 34 11 36 0 2 33 41 32 2 37 3 40 11 42 40 32 7 42 3
split_gain=1396.13 263.594 220.129 271.703 199.961 195.814 194.751 192.174 157.715 153.917 151.739 167.23 150.316 147.334 144.287 176.63 135.78 192.16 154.349 142.05 133.679 127.549 120.55 118.928 118.815 131.251 140.306 118.136 116.134 150.212
threshold=1.5638586956521741 1.0000000180025095e-35 5.5000000000000009 6.3500000000000005 2.0132735777899762 245.40000000000001 3.4775000000000005 3.5000000000000004 15.860000000000003 8.2250000000000014 2.3980000000000006 1.8170000000000004 5.5000000000000009 2.1673752118595448 6.5000000000000009 3.1000000000000005 1.5500000000000003 0 1.5930000000000002 1.9000000000000001 1.1154947917731619 0.048809523809523817 -119.7149999999999 3.5000000000000004 7.5000000000000009 305.52000000000015 1.3350000000000002 4.5900000000000016 30.500000000000004 4.3380952380952387
decision_type=10 2 2 2 2 2 10 10 10 10 10 10 10 2 10 10 10 1 10 10 2 10 2 10 2 2 10 10 2 10
left_child=2 4 3 -1 5 9 24 21 -5 14 11 13 23 16 -2 22 18 19 -6 -18 -11 -4 -16 -12 -3 -26 -27 -24 -8 -30
right_child=1 6 7 8 10 -7 28 -9 -10 20 12 -13 -14 -15 15 -17 17 -19 -20 -21 -22 -23 27 -25 25 26 -28 -29 29 -31
leaf_value=0.00025854025510514331 6.2928594233122823e-05 -0.0032009791175749594 -0.0034357867268683599 0.011727102731809116 -0.016598987850354786 -0.016148557793544356 0.0065712407955418051 0.0052211116485356918 0.059556565324847516 0.05500783159158059 0.031665929242184289 -0.0087829671292432715 0.047484111594113365 0.0044157983886061215 0.00039811185048099356 0.003118799470350386 -0.00066472804317107561 0.011123930166805639 0.03977530554705299 0.053722370273899284 0.011017916520166364 -0.0014358906203111239 0.020966456484121199 -0.03172590427994728 0.0037414289423922118 0.027639673926354975 -0.0068156696781322048 0.060628000060214265 0.010198663378517926 0.02792201054435808
leaf_weight=16090 25117 2188 56970 1366 161 596 11623 3034 65 70 57 525 169 1665 220 3192 52 411 60 256 556 57843 468 50 15889 407 144 79 2728 511
leaf_count=16090 25117 2188 56970 1366 161 596 11623 3034 65 70 57 525 169 1665 220 3192 52 411 60 256 556 57843 468 50 15889 407 144 79 2728 511
internal_value=-1.00951e-05 0.00352497 -0.00176483 0.00137266 0.00165196 0.000877195 0.00540995 -0.0022313 0.0138996 0.00121883 0.00854385 0.00666353 0.0298677 0.00977655 0.000901956 0.00622498 0.0192719 0.0255932 -0.00129375 0.0431395 0.0159369 -0.00242824 0.0191519 0.00204358 0.00336653 0.0042406 0.018635 0.0266945 0.00797118 0.0129948
internal_weight=202562 67194 135368 17521 33704 30298 33490 117847 1431 29702 3406 3130 276 2605 29076 3959 940 719 221 308 626 114813 767 107 18628 16440 551 547 14862 3239
internal_count=202562 67194 135368 17521 33704 30298 33490 117847 1431 29702 3406 3130 276 2605 29076 3959 940 719 221 308 626 114813 767 107 18628 16440 551 547 14862 3239
cat_boundaries=0 1
cat_threshold=3
is_linear=0
shrinkage=0.03


Tree=91
num_leaves=31
num_cat=0
split_feature=0 26 38 37 6 7 40 23 27 0 6 34 28 42 6 26 27 36 0 27 2 4 20 8 34 26 12 19 3 4
split_gain=1266.71 274.785 239.636 221.336 260.838 181.178 175.453 169.293 162.98 157.618 141.288 189.08 140.265 141.439 143.119 167.693 141.399 138.488 223.738 127.417 122.478 136.639 157.189 183.294 131.293 120.949 174.438 119.346 176.197 118.51
threshold=1.5000000000000002 11.433449262530608 0.088677011417650303 0.91062126499532625 0.77500000000000013 5.8900000000000015 270.69000000000011 4.4500000000000011 -285221.49999999994 7.5000000000000009 1.1000000000000003 2.1910000000000003 1.0000000180025095e-35 19.500000000000004 0.29166666666666669 15.195765381101507 -818.49999999999989 1.9408042762192059 5.5000000000000009 -285221.49999999994 6.7750000000000012 4.5008932115919018 1.4157000000000002 75.166666666666671 1.5587700000000004 12.034866087278347 0.084040000000000017 24.780000000000005 3.5067567567567575 5.2486661675653652
decision_type=10 10 2 2 10 10 2 10 10 10 10 10 2 2 10 10 10 2 10 10 10 10 10 10 10 10 8 10 10 8
left_child=1 29 -2 4 8 7 12 9 -3 19 11 -8 16 14 25 -16 17 20 -19 -4 21 22 23 -7 -23 -14 -27 28 -28 -1
right_child=2 3 5 -5 -6 6 10 -9 -10 -11 -12 -13 13 -15 15 -17 -18 18 -20 -21 -22 24 -24 -25 -26 26 27 -29 -30 -31
leaf_value=-0.00074755596955721219 -0.0045611900539943954 -0.026540756527172481 0.038527966783889991 7.0881968350465719e-05 -0.021539437743350591 0.055081156152055451 -0.0032663763140940161 0.011291842375072704 0.0096199461330524535 0.0088484707138158196 -0.026062123382113653 0.043789220177407918 0.0039161013654591716 0.019436239031719545 0.00088895912905750062 0.049488885518330243 0.0020761625226628964 0.0061696514738611421 0.077412906371449167 0.0023790245296262083 0.042516085241579127 0.0052352622172430804 0.064215716586494054 0.0037715223257844687 -0.029011958406068555 0.082415234948006955 0.039671012759208674 0.053441208650224975 -0.013860452696681022 -0.0026694080572157242
leaf_weight=45085 2709 115 88 22441 271 76 659 2476 4569 3929 202 87 235 2012 1380 67 2782 83 76 31692 98 460 61 357 129 52 105 84 117 80328
leaf_count=45085 2709 115 88 22441 271 76 659 2476 4569 3929 202 87 235 2012 1380 67 2782 83 76 31692 98 460 61 357 129 52 105 84 117 80328
internal_value=-2.75586e-05 -0.00138393 0.00411643 0.00133796 0.00707652 0.00461335 0.00841185 0.00370593 0.00873214 0.00317993 -0.0038053 0.00222134 0.00982876 0.0137924 0.0082261 0.00313927 0.0059324 0.0139384 0.040223 0.00247912 0.0103997 0.00749348 0.0191291 0.0127774 -0.0022654 0.0206387 0.0316157 0.0229832 0.0114585 -0.00197852
internal_weight=202825 152809 50016 27396 4955 47307 9122 38185 4684 35709 948 746 8174 4052 2040 1447 4122 1340 159 31780 1181 1083 494 433 589 593 358 306 222 125413
internal_count=202825 152809 50016 27396 4955 47307 9122 38185 4684 35709 948 746 8174 4052 2040 1447 4122 1340 159 31780 1181 1083 494 433 589 593 358 306 222 125413
is_linear=0
shrinkage=0.03


Tree=92
num_leaves=31
num_cat=1
split_feature=3 39 29 8 38 31 32 36 41 42 4 3 40 23 27 0 36 12 15 38 39 37 30 7 32 33 14 27 36 29
split_gain=1218.36 304.033 385.035 223.786 199.403 179.429 224.487 178.187 182.227 171.833 185.964 164.066 162.399 159.232 144.13 143.604 140.319 138.959 135.767 134.542 133.441 125.791 124.883 131.539 124.197 155.139 146.394 121.733 142.057 144.113
threshold=1.5303308823529413 0.46265477693554419 2.5000000000000004 85.416666666666671 0.3164496379662049 0.77500000000000013 1.7488500000000002 1.7665205009275822 0 5.5000000000000009 8.8713074940523402 2.9511904761904768 120.97500000000004 4.366666666666668 50153.500000000007 3.5000000000000004 2.2025390191594449 0.3063300000000001 0.36666666666666675 0.37512246929160759 0.49817244709210012 1.1232049731631271 1.1000000000000003 8.8633333333333368 2.0170000000000008 2.1000000000000005 0.14602700000000005 -128467.49999999999 3.2219339374359204 1.5000000000000002
decision_type=10 2 10 10 2 10 8 2 1 2 8 10 2 10 10 10 2 10 10 2 2 2 10 10 10 10 10 10 2 8
left_child=9 3 4 12 5 -3 16 8 -5 -1 -11 -8 -2 19 -4 27 -7 21 -12 -10 -17 22 23 -16 -22 26 -26 -6 29 -29
right_child=1 2 14 7 15 6 11 -9 13 10 18 -13 -14 -15 17 20 -18 -19 -20 -21 24 -23 -24 -25 25 -27 -28 28 -30 -31
leaf_value=0.0010831537386978025 0.00039830514770721544 -0.026516582515711585 -0.0017630802940856475 0.014382627449719123 -0.0099355604890347688 0.011870554089983899 0.020013429929529872 -0.032039328150543549 0.0024513607591319631 -0.00083111169403327079 -0.0032691947012631626 0.047196815585922126 -0.012780749338393523 0.013241762098007219 0.0059161606124869658 -0.0064121457563980095 -0.036443965215058556 0.034223770399609305 0.046185851392149924 0.029284139918766036 0.015048835065796247 -0.014914064777962793 0.02010583614501988 -0.04500130731928146 -0.015489582755336802 -0.033311292496296246 0.031142203150825068 0.020741536447020054 0.030762927237826816 0.0049484731637750266
leaf_weight=17643 24849 72 5964 1529 434 383 473 121 15696 55299 61412 346 871 1415 202 328 63 178 50 170 3794 214 489 59 112 109 132 549 209 9848
leaf_count=17643 24849 72 5964 1529 434 383 473 121 15696 55299 61412 346 871 1415 202 328 63 178 50 170 3794 214 489 59 112 109 132 549 209 9848
internal_value=-1.58793e-05 0.00323696 0.0059633 0.0017741 0.00843294 0.0195495 0.0221715 0.00424965 0.00448308 -0.00167635 -0.00209332 0.0314975 -4.79995e-05 0.00359678 0.000106523 0.00747497 0.00504586 0.00987037 -0.00322896 0.00273887 0.0120083 0.00537358 0.0111623 -0.00559392 0.0134652 -0.00355522 0.00973745 0.00563742 0.00627467 0.00578241
internal_weight=203013 68609 23958 44651 16852 1337 1265 18931 18810 134404 116761 819 25720 17281 7106 15515 446 1142 61462 15866 4475 964 750 261 4147 353 244 11040 10606 10397
internal_count=203013 68609 23958 44651 16852 1337 1265 18931 18810 134404 116761 819 25720 17281 7106 15515 446 1142 61462 15866 4475 964 750 261 4147 353 244 11040 10606 10397
cat_boundaries=0 1
cat_threshold=8
is_linear=0
shrinkage=0.03


Tree=93
num_leaves=31
num_cat=1
split_feature=0 24 27 24 24 33 36 41 38 29 27 0 34 28 4 8 8 0 38 4 6 17 12 32 17 36 11 34 32 12
split_gain=1187.97 292.857 309.721 228.628 203.55 222.62 190.231 178.344 275.144 160.624 159.655 151.297 146.586 144.613 143.14 136.987 132.412 130.866 162.861 312.054 373.085 146.058 129.701 152.399 124.648 124.103 190.837 132.195 124.879 122.054
threshold=1.5000000000000002 4.5500000000000007 28.500000000000004 5.0500000000000007 7.8500000000000005 1.4500000000000002 2.3969077425928123 0 0.088677011417650303 2.5000000000000004 12913.000000000002 -1.4999999999999998 1.8170000000000004 1.0000000180025095e-35 6.9247524015191013 74.833333333333357 89.166666666666671 4.5000000000000009 0.46138878856448118 6.1318575972809279 0.45000000000000007 14.633333333333335 0.54700000000000015 1.192666666666667 27.100000000000005 1.3474344026558946 4.5000000000000009 1.7363333333333333 2.0030000000000006 0.38031000000000009
decision_type=10 2 8 2 2 10 2 1 2 10 8 8 8 2 8 10 10 10 2 10 8 10 8 10 8 2 10 10 10 10
left_child=1 15 16 7 11 6 10 -2 -9 25 -6 -4 -5 17 -7 -1 -3 -14 22 21 -21 -20 -19 -24 -16 -10 28 -28 -27 -15
right_child=3 2 4 12 5 14 -8 8 9 -11 -12 -13 13 29 24 -17 -18 18 19 20 -22 -23 23 -25 -26 26 27 -29 -30 -31
leaf_value=-0.0027315031006813406 -0.0014242271102133386 -0.0010778173240672067 -0.041904796389016237 0.0096913429877740886 0.072082787020581546 -0.0074077963756678774 0.089456529075072858 -0.01167438500996913 0.0040940409066006498 0.0017157033770061549 0.016050899323453688 0.0036362231074741963 -0.00079879095579002207 0.0066942300974696259 0.058858205257531472 0.0026963842926376073 0.0066315254973802274 -0.0087079863041602014 0.026792405713881765 0.053403882677001607 -0.042168605558783094 0.072687158274281891 0.0054105884350108338 0.045872697465563037 0.00120297679816609 0.0038913560526572769 0.019093262316466849 -0.00049068045973156896 -0.034757336909063609 0.027488588884515667
leaf_weight=79232 8964 53612 66 6993 58 278 54 940 3178 6346 217 12559 5827 9528 68 4418 2083 599 175 56 107 97 3242 86 67 805 2243 360 83 261
leaf_count=79232 8964 53612 66 6993 58 278 54 940 3178 6346 217 12559 5827 9528 68 4418 2083 599 175 56 107 97 3242 86 67 805 2243 360 83 261
internal_value=6.19073e-05 -0.00125112 0.000194741 0.00408104 0.00429563 0.0195662 0.0379772 0.00187796 0.00399728 0.00513223 0.0278685 0.00339815 0.00595314 0.00464464 0.00489973 -0.00244483 -0.000789487 0.00214284 0.00607244 0.0234894 -0.00933389 0.0431593 0.00414314 0.00645618 0.0302441 0.00838328 0.0122879 0.0163848 0.000278922 0.00724866
internal_weight=202602 152712 69062 49890 13367 742 329 22919 13955 13015 275 12625 26971 19978 413 83650 55695 10189 4362 435 163 272 3927 3328 135 6669 3491 2603 888 9789
internal_count=202602 152712 69062 49890 13367 742 329 22919 13955 13015 275 12625 26971 19978 413 83650 55695 10189 4362 435 163 272 3927 3328 135 6669 3491 2603 888 9789
cat_boundaries=0 1
cat_threshold=4
is_linear=0
shrinkage=0.03


Tree=94
num_leaves=31
num_cat=1
split_feature=7 26 37 36 26 29 22 32 40 27 24 25 12 23 21 30 24 41 24 37 16 14 30 42 25 25 40 37 18 8
split_gain=1088.89 295.443 214.025 195.382 182.634 178.111 177.724 170.081 236.079 239.887 155.629 173.628 143.703 141.508 138.807 123.884 140.146 131.498 268.47 132.103 129.111 119.36 234.986 111.926 132.735 109.387 135.008 106.282 105.896 102.501
threshold=2.890000000000001 10.845036590434232 1.0326207049619489 2.7120418380785183 11.774728029670507 4.5000000000000009 0.45000000000000007 1.5030000000000003 281.43500000000012 -8956.9999999999982 10.450000000000001 1.0000000180025095e-35 0.017550000000000003 11.100000000000001 1.0000000180025095e-35 1.0000000180025095e-35 7.4500000000000011 0 4.4500000000000011 1.9647105550227679 0.29166666666666669 0.18400800000000003 1.0000000180025095e-35 19.500000000000004 1.0000000180025095e-35 0.15000000000000038 115.89 1.0579350014888433 5.0450000000000017 69.166666666666671
decision_type=10 10 2 2 10 10 10 8 2 10 2 10 10 10 10 10 2 1 2 2 8 10 10 2 10 10 2 2 10 8
left_child=1 12 -3 5 -5 13 -4 -6 9 -9 14 -12 15 21 -10 16 17 18 -1 29 -17 25 -23 -11 -25 -2 28 -15 -27 -20
right_child=3 2 6 4 7 -7 -8 8 10 23 11 -13 -14 27 -16 20 -18 -19 19 -21 -22 22 -24 24 -26 26 -28 -29 -30 -31
leaf_value=-0.0098585069999572329 0.0029985879446739454 0.004732050047223684 -0.0011130962714066086 -0.007037721154384286 -0.0088055682131970257 -0.0044026740071635836 0.0060950354379327191 0.00013829653337597847 0.049579306664601176 0.033834071055882507 0.082902821179839867 0.011007370213835925 0.0027908390828462891 0.056928138734240609 0.0047194281990191175 -0.0022255535077068084 0.02249461683211848 -0.0031839869380009909 -0.00070553198880822531 -0.0094110513077332435 -0.010740605086514201 0.056961076722458696 0.0070712169714358293 0.053760490192700239 0.11687267421088257 -0.026399767878465354 0.021422702857093419 0.015050326948683813 0.0071352854380345443 0.018155682925316323
leaf_weight=708 30411 10651 25459 259 148 2218 3502 60 71 54 62 59 5623 70 494 106970 288 3063 319 234 1627 86 7087 59 61 96 662 247 723 1386
leaf_count=708 30411 10651 25459 259 148 2218 3502 60 71 54 62 59 5623 70 494 106970 288 3063 319 234 1627 86 7087 59 61 96 662 247 723 1386
internal_value=-1.18066e-05 -0.00115117 0.00109582 0.00423038 0.0155625 0.00386889 -0.00024148 0.0210432 0.025845 0.0518651 0.0169693 0.0478464 -0.00189155 0.00433475 0.0103567 -0.00212131 0.00207582 0.00104594 0.00593026 0.0117259 -0.00235313 0.00417276 0.00766937 0.069702 0.0858425 0.00338631 0.0113479 0.0242978 0.00320444 0.0146268
internal_weight=202757 159830 39612 42927 1327 41600 28961 1068 920 234 686 121 120218 39382 565 114595 5998 5710 2647 1939 108597 39065 7173 174 120 31892 1481 317 819 1705
internal_count=202757 159830 39612 42927 1327 41600 28961 1068 920 234 686 121 120218 39382 565 114595 5998 5710 2647 1939 108597 39065 7173 174 120 31892 1481 317 819 1705
cat_boundaries=0 1
cat_threshold=3
is_linear=0
shrinkage=0.03


Tree=95
num_leaves=31
num_cat=1
split_feature=8 24 27 28 29 11 24 39 37 2 0 33 24 39 29 36 40 36 11 23 20 33 24 0 41 4 24 34 12 32
split_gain=905.381 325.061 303.28 259.078 157.838 192.428 177.382 213.41 164.589 148.881 146.265 152.702 166.967 193.013 141.678 145.948 134.466 238.924 191.275 142.257 131.909 141.546 122.131 120.613 117.476 142.05 164.773 162.232 142.021 194.614
threshold=57.833333333333336 5.1500000000000012 171.50000000000003 1.0000000180025095e-35 2.5000000000000004 10.500000000000002 9.5500000000000025 0.69562233755103853 1.4942766613152714 0.70833333333333337 12.500000000000002 1.4500000000000002 7.6500000000000012 0.6169141898522964 3.5000000000000004 2.5162066435206971 120.97500000000004 1.5694802902682783 36.000000000000007 5.9000000000000012 1.0580600000000004 2.9000000000000004 6.2500000000000009 5.5000000000000009 0 3.535270875696408 6.7500000000000009 1.4750000000000003 0.22225000000000003 1.8745000000000003
decision_type=10 2 8 2 10 10 2 2 2 8 10 10 2 2 8 2 2 2 10 10 8 10 2 10 1 10 2 8 10 10
left_child=1 -1 23 14 8 6 20 -8 24 -4 11 12 -11 -14 16 -16 18 19 -2 -18 -6 -22 -23 -3 -5 26 -26 28 -27 -30
right_child=3 2 9 4 5 -7 7 -9 -10 10 -12 -13 13 -15 15 -17 17 -19 -20 -21 21 22 -24 -25 25 27 -28 -29 29 -31
leaf_value=-0.0021475597274519592 0.0046635135904320264 -0.00046711869953133708 0.019076753816784794 0.011009568433840029 0.009790284249967059 -0.0060016469661492407 0.04484875326329562 -0.015981883050900109 -0.00087922895782446885 0.0065288173415350044 0.055017305396075515 -0.0019540257143183114 0.0096766308847476123 0.055509465122726601 -0.0014168509940918719 0.035705933282151818 -0.021911389658266431 0.0016803079099002073 0.057095818147063257 0.024093193282831958 0.0024093182192227404 -0.035267729615769912 0.013874561091264087 0.0093104870731699086 -0.0015368153211785108 0.015108430843106238 0.026106116655483198 0.0064530292105688435 0.023909431823556968 0.09580209888956126
leaf_weight=110406 10344 28253 844 6981 2369 1973 193 71 2038 2739 53 1829 198 142 13353 96 623 3974 63 67 7650 164 63 1183 2717 526 209 3492 101 51
leaf_count=110406 10344 28253 844 6981 2369 1973 193 71 2038 2739 53 1829 198 142 13353 96 623 3974 63 67 7650 164 63 1183 2717 526 209 3492 101 51
internal_value=-9.14567e-05 -0.00134684 0.00116172 0.00310968 0.00512738 0.00259509 0.00420892 0.028489 0.00708895 0.00742869 0.00544704 0.00491174 0.00899017 0.0288186 0.00108646 -0.00115187 0.0030839 -0.00114902 0.00498092 -0.0174443 0.00358332 0.00171658 -0.0216291 -7.41676e-05 0.00824255 0.0054971 0.00043768 0.00906038 0.0224894 0.0480313
internal_weight=202765 145647 35241 57118 28598 12483 10510 264 16115 5805 4961 4908 3079 340 28520 13449 15071 4664 10407 690 10246 7877 227 29436 14077 7096 2926 4170 678 152
internal_count=202765 145647 35241 57118 28598 12483 10510 264 16115 5805 4961 4908 3079 340 28520 13449 15071 4664 10407 690 10246 7877 227 29436 14077 7096 2926 4170 678 152
cat_boundaries=0 1
cat_threshold=3
is_linear=0
shrinkage=0.03


Tree=96
num_leaves=31
num_cat=1
split_feature=8 24 27 29 17 0 24 41 37 40 29 30 29 27 29 40 20 31 36 29 31 23 42 4 16 40 24 34 24 33
split_gain=1032.42 265.99 276.758 264.379 207.605 165.902 147.194 164.695 254.998 227.42 268.699 236.174 191.18 145.616 143.418 130.566 135.909 151.949 129.935 153.694 138.384 128.917 126.734 123.946 133.778 159.362 147.26 122.023 121.812 210.651
threshold=57.833333333333336 4.6500000000000012 171.50000000000003 4.5000000000000009 53.100000000000009 5.5000000000000009 5.0500000000000007 0 1.2274104112024995 -29.349999999999905 2.5000000000000004 0.90000000000000013 3.5000000000000004 18047.500000000004 3.5000000000000004 270.69000000000011 0.4534266666666667 1.5500000000000003 1.397883545371583 3.5000000000000004 1.4500000000000002 8.9000000000000021 21.500000000000004 6.0721265873087562 0.22500000000000003 181.905 11.65 2.2590000000000008 6.0500000000000007 1.5500000000000003
decision_type=10 2 8 10 10 10 2 1 2 2 10 10 8 10 10 2 10 10 2 8 10 10 2 10 10 2 2 10 2 10
left_child=1 -1 5 4 6 15 7 -2 9 11 21 12 22 -12 28 -3 -17 -18 19 20 -13 27 -9 -6 -25 -26 -27 -11 -4 -30
right_child=3 2 14 -5 23 -7 -8 8 -10 10 13 18 -14 -15 -16 16 17 -19 -20 -21 -22 -23 -24 24 25 26 -28 -29 29 -31
leaf_value=-0.002419282016677112 -0.0013003307041481043 -0.0012667005093136834 0.0046009296620827334 -0.0053607035116907901 0.037123115745240028 0.0087275750551832256 0.0054109319283570205 0.051307700863204048 0.0013485307480751729 0.0099828971856232279 -0.012887829062425825 0.038334918286534958 0.092452561048818604 0.012001094797507246 -0.002114351703590929 0.0036018500696637151 0.074916961473577168 0.01117679521328572 0.039182211243741806 -0.015264996035848973 -0.0043852199651613953 0.05754772108197212 -0.0074894720233976836 -0.003892262701857455 0.062131121732483183 -0.030088130166897403 0.041308454964489025 -0.018263313701953478 0.022937121575766734 0.0033786132571739587
leaf_weight=80727 8267 51070 4816 2885 252 1661 25325 97 13356 4489 847 160 67 282 1916 3065 51 99 139 183 119 50 50 245 79 52 52 142 1020 964
leaf_count=80727 8267 51070 4816 2885 252 1661 25325 97 13356 4489 847 160 67 282 1916 3065 51 99 139 183 119 50 50 245 79 52 52 142 1020 964
internal_value=7.19208e-05 -0.00127086 0.000162891 0.00348865 0.00395923 -0.000611786 0.00375015 0.00226122 0.00373357 0.00854744 0.00646567 0.0233881 0.0504518 -0.00667111 0.00513536 -0.000897549 0.00496639 0.0328485 0.0137514 0.00610011 0.0201138 0.0096341 0.0313087 0.0204312 0.0106033 0.0300099 0.00561016 0.00911679 0.00717808 0.0134339
internal_weight=202527 145389 64662 57138 54253 55946 53573 28248 19981 6625 5810 815 214 1129 8716 54285 3215 150 601 462 279 4681 147 680 428 183 104 4631 6800 1984
internal_count=202527 145389 64662 57138 54253 55946 53573 28248 19981 6625 5810 815 214 1129 8716 54285 3215 150 601 462 279 4681 147 680 428 183 104 4631 6800 1984
cat_boundaries=0 1
cat_threshold=4
is_linear=0
shrinkage=0.03


Tree=97
num_leaves=31
num_cat=0
split_feature=0 24 27 29 13 29 40 24 30 42 24 9 34 42 34 40 37 24 24 20 26 36 2 32 42 36 9 0 42 19
split_gain=959.289 248.301 276.225 230.794 198.191 174.69 203.62 155.783 278.572 218.299 158.909 152.915 151.594 159.743 226.674 156.639 259.044 150.982 143.227 141.375 144.512 133.804 193.621 162.322 194.808 131.477 140.808 155.271 194.185 146.749
threshold=1.5000000000000002 4.6500000000000012 28.500000000000004 1.5000000000000002 0.20100000000000004 3.5000000000000004 -9.4950000000000028 10.250000000000002 1.7750000000000001 6.5000000000000009 13.350000000000003 87.90000000000002 2.6430000000000002 27.500000000000004 2.8040000000000007 227.81999999999996 0.93328803274481065 6.2500000000000009 4.5500000000000007 0.44086000000000009 12.876810604573722 2.4222448282979738 3.5500000000000003 2.0710000000000006 25.500000000000004 2.895145672785572 71.225000000000009 2.5000000000000004 13.500000000000002 19.690000000000008
decision_type=10 2 8 8 10 10 2 2 10 2 2 10 10 2 10 2 2 2 2 10 10 2 10 10 2 2 10 10 2 10
left_child=1 -1 -3 4 19 7 18 12 9 11 -11 -9 15 14 -14 -5 21 -4 -7 -2 -21 23 -23 24 -17 26 29 -28 -29 -24
right_child=3 2 17 5 -6 6 -8 8 -10 10 -12 -13 13 -15 -16 16 -18 -19 -20 20 -22 22 25 -25 -26 -27 27 28 -30 -31
leaf_value=-0.0023067635996354709 0.054293923268651033 -0.00082095890658534455 0.0024803478511524826 0.0044613374843952263 0.077788055473566056 -0.0045683367991499217 -0.0083652044151701459 0.10206069915890693 -0.01305455396729934 0.022252551305369572 -0.027645482167246795 0.030469553853417264 0.074304145987217241 -0.018503600012849678 0.01055995843439762 0.00060837777168611898 -0.019342919648846092 0.010705247462385971 0.004156438282829405 0.00026210941339524675 0.030383765065670015 -0.0025328227034534584 0.028881656015291808 0.045282387651968743 -0.022803047074396125 -0.0011283624204604522 0.0028905648360056666 0.0039738070998679509 0.052572035056891703 -0.030331413304503958
leaf_weight=86020 77 53955 10642 32821 50 2264 2127 50 237 651 63 58 91 55 112 955 637 2476 6719 395 225 1009 72 55 481 276 134 99 293 79
leaf_count=86020 77 53955 10642 32821 50 2264 2127 50 237 651 63 58 91 55 112 955 637 2476 6719 395 225 1009 72 55 481 276 134 99 293 79
internal_value=-6.08496e-05 -0.0012399 0.000128326 0.00354312 0.0200936 0.00329254 -1.87575e-05 0.00425489 0.0156006 0.0238625 0.0178498 0.0636136 0.00393163 0.0268477 0.0391349 0.00377145 -0.00176469 0.00403278 0.00195752 0.0159548 0.0111934 0.0014781 0.0066262 -0.00529627 -0.00723347 0.0163234 0.0234382 0.0307687 0.0402985 -0.00209737
internal_weight=203178 153093 67073 50085 747 49338 11110 38228 1059 822 714 108 37169 258 203 36911 4090 13118 8983 697 620 3453 1962 1491 1436 953 677 526 392 151
internal_count=203178 153093 67073 50085 747 49338 11110 38228 1059 822 714 108 37169 258 203 36911 4090 13118 8983 697 620 3453 1962 1491 1436 953 677 526 392 151
is_linear=0
shrinkage=0.03


Tree=98
num_leaves=31
num_cat=0
split_feature=3 29 28 29 36 24 4 11 7 14 17 42 35 39 24 17 37 17 39 14 8 11 32 32 16 11 31 37 24 18
split_gain=1026.28 256.173 214.765 195.201 175.503 163.028 155.702 152.497 151.373 146.32 216.5 151.828 186.214 230.517 139.503 174.275 156.29 203.034 136.576 135.143 133.856 130.901 126.224 115.436 123.508 118.783 133.903 114.1 213.085 135.385
threshold=1.7119815668202767 2.5000000000000004 1.0000000180025095e-35 4.5000000000000009 1.4281498390601948 7.4500000000000011 9.8217546645494256 2.5000000000000004 5.5225000000000017 1.0000000180025095e-35 33.100000000000009 10.500000000000002 1.0000000180025095e-35 0.74836127958941678 7.6500000000000012 26.450000000000003 1.2099984979309155 40.100000000000009 0.40432478167703961 0.060002000000000014 56.416666666666679 6.5000000000000009 2.1050000000000009 1.8940000000000006 0.55000000000000016 17.500000000000004 1.3666666666666669 1.0893362999859348 9.9500000000000011 18.563333333333336
decision_type=10 8 2 8 2 2 8 10 10 8 10 2 2 2 2 10 2 10 2 8 10 10 10 10 10 10 10 2 2 10
left_child=5 4 3 14 7 6 -1 19 -4 10 -10 -11 20 -14 15 -3 -16 -18 -19 -2 -13 -9 23 24 25 -23 -27 -6 29 -29
right_child=1 2 8 -5 27 -7 -8 21 9 11 -12 12 13 -15 16 -17 17 18 -20 -21 -22 22 -24 -25 -26 26 -28 28 -30 -31
leaf_value=-0.0003334794036599146 0.056713273522257801 0.0020932363510873498 0.0030445297419571492 -0.0034720375521935976 0.0063716023587265429 0.0078110253495742039 -0.0023521034151048788 -0.0050334745286445531 0.0062680249270938683 -0.0014097323293852967 0.089873451116681088 -0.007603747108696054 0.0024788624008734977 -0.066065134313634838 -0.017473428130325347 0.014725165671862935 -0.0053129863629868554 0.010812806739256933 0.072544237489050076 0.011453063720347066 0.016946676245433667 0.0023629594567591145 -0.02168629006203264 0.03460689169949531 0.046798542602384675 0.062522349455393852 0.0062634334725109814 0.0088998624619968207 0.072849201084329532 0.023427194774688149
leaf_weight=64571 75 12481 16350 8695 9514 1748 73574 2174 63 1000 50 219 224 55 658 1067 506 78 55 285 2289 2996 160 119 61 64 94 2999 52 715
leaf_count=64571 75 12481 16350 8695 9514 1748 73574 2174 63 1000 50 219 224 55 658 1067 506 78 55 285 2289 2996 160 119 61 64 94 2999 52 715
internal_value=0.000139233 0.00331542 0.00204612 9.75154e-05 0.00619413 -0.00129337 -0.00140857 0.00194884 0.00431132 0.00962211 0.0432616 0.00861834 0.0122165 -0.0110334 0.00218827 0.00308809 -0.00721091 0.00335675 0.0363408 0.0208823 0.0148029 0.00074629 0.00434251 0.00559165 0.00451768 0.00369994 0.0290519 0.00812114 0.012541 0.0116966
internal_weight=202991 63098 43790 23540 19308 139893 138145 6028 20250 3900 113 3787 2787 279 14845 13548 1297 639 133 360 2508 5668 3494 3334 3215 3154 158 13280 3766 3714
internal_count=202991 63098 43790 23540 19308 139893 138145 6028 20250 3900 113 3787 2787 279 14845 13548 1297 639 133 360 2508 5668 3494 3334 3215 3154 158 13280 3766 3714
is_linear=0
shrinkage=0.03


Tree=99
num_leaves=31
num_cat=0
split_feature=7 26 38 26 29 26 22 38 4 1 4 18 26 19 20 33 10 29 5 12 20 37 33 12 5 5 25 40 40 39
split_gain=816.734 270 191.663 183.266 170.832 184.747 153.399 144.16 142.948 141.584 145.191 172.499 143.98 138.443 171.401 160.519 141.858 135.596 127.03 110.652 110.644 108.683 105.762 113.702 151.905 96.4824 151.615 260.629 122.457 117.361
threshold=2.890000000000001 10.329555621049858 0.41163471124007112 13.247504167091028 3.5000000000000004 12.513196978873964 0.45000000000000007 0.069534963580401218 2.2196716951620594 8.8333333333333339 2.0008237232289958 19.322500000000005 15.195765381101507 38.090000000000011 1.8790000000000002 1.9000000000000001 0.90000000000000013 1.0000000180025095e-35 33.900000000000006 0.017550000000000003 1.0922500000000002 1.9415523018028404 2.1000000000000005 0.033580000000000006 11.100000000000001 20.100000000000005 0.15000000000000038 72.885000000000005 318.91500000000002 0.80736969619590226
decision_type=10 8 2 10 10 10 10 2 8 10 10 10 10 10 8 10 10 10 10 10 8 2 10 10 10 10 10 2 2 2
left_child=1 19 6 7 8 -6 21 -2 -4 10 11 -5 13 15 -15 -11 -17 -16 -19 -1 -14 22 23 -3 -25 26 29 -28 -27 -9
right_child=3 2 4 9 5 -7 -8 25 -10 12 -12 -13 20 14 17 16 -18 18 -20 -21 -22 -23 -24 24 -26 28 27 -29 -30 -31
leaf_value=-0.0021319874545918495 -0.00886650120733091 0.00019651441199154809 0.020889292547896982 0.009748190301522781 0.011547520067542791 0.075697234458019666 0.0052842907692767843 0.0030593175680329191 0.0032610546681953959 -0.0061842668056488028 0.0057220087631015227 0.076591550064714325 0.021825831967749093 -0.042602048417303098 -0.024016829282045363 0.083572213977575291 0.025943537557793554 0.061519333320038928 0.0019345756553447069 0.0026611893861186527 0.080936037239275477 -0.0036947072824261083 -0.0042655935056379072 0.0038821679577325362 0.025333603545325548 -0.00064933412985786871 -0.0021361364424228664 0.079903620566640576 -0.03333519355024931 0.01793725846622737
leaf_weight=97658 975 29829 437 89 116 62 4387 26288 7867 75 10575 57 57 67 60 60 107 62 67 4536 57 8291 4379 2066 347 3849 78 63 106 486
leaf_count=97658 975 29829 437 89 116 62 4387 26288 7867 75 10575 57 57 67 60 60 107 62 67 4536 57 8291 4379 2066 347 3849 78 63 106 486
internal_value=-4.27511e-06 -0.000992498 0.000646572 0.0036571 0.00481208 0.0338918 -7.01134e-05 0.00249114 0.00418874 0.00693337 0.00613222 0.0358446 0.0209679 0.0140059 -0.00137317 0.0302747 0.0466485 0.0132424 0.0305722 -0.00191924 0.0513809 -0.000593131 0.000109066 0.000703218 0.00696698 0.00284987 0.00349278 0.0345199 -0.00152536 0.00332938
internal_weight=203153 159975 57781 43178 8482 178 49299 31845 8304 11333 10721 146 612 498 256 242 167 189 129 102194 114 44912 36621 32242 2413 30870 26915 141 3955 26774
internal_count=203153 159975 57781 43178 8482 178 49299 31845 8304 11333 10721 146 612 498 256 242 167 189 129 102194 114 44912 36621 32242 2413 30870 26915 141 3955 26774
is_linear=0
shrinkage=0.03


Tree=100
num_leaves=31
num_cat=1
split_feature=17 8 29 24 37 4 37 42 8 27 19 13 27 24 4 27 4 41 25 27 19 29 3 23 27 33 8 0 11 4
split_gain=790.803 286.98 216.595 178.808 158.308 319.5 221.448 161.135 135.416 169.825 154.895 134.73 130.326 123.337 161.461 135.833 122.295 106.862 140.906 140.832 115.39 106.509 106.168 105.505 125.262 105.023 102.376 121.768 148.231 371.829
threshold=4.6333333333333337 89.833333333333357 3.5000000000000004 10.550000000000002 0.57968710841690363 5.3793798198281655 0.54677589022376083 23.500000000000004 82.833333333333357 -26163.499999999996 7.780000000000002 0.22869800000000004 -19943.999999999996 5.3500000000000005 1.2336453387080246 507.50000000000006 2.4522449946688787 0 -0.1000000000000003 142108.00000000003 7.6450000000000014 2.5000000000000004 2.5067567567567575 4.1000000000000005 22819.500000000004 0.22500000000000003 84.166666666666671 8.5000000000000018 5.5000000000000009 5.2113323322286673
decision_type=10 10 10 2 2 10 2 2 10 10 10 8 10 2 8 10 10 1 8 10 10 10 10 10 10 10 10 10 10 10
left_child=1 3 4 13 5 11 -7 -8 -6 10 -10 -2 -5 -1 -15 25 -12 18 -3 23 -20 -21 -18 -19 -25 -16 -24 28 29 -28
right_child=2 17 -4 12 8 6 7 -9 9 -11 16 -13 -14 14 15 -17 22 19 20 21 -22 -23 26 24 -26 -27 27 -29 -30 -31
leaf_value=-0.0019688746675025196 0.086549664334608964 0.042865924413533922 -0.00049541717385578866 0.069181127633222123 0.0025154908406586703 -0.029228047911293936 -0.0022875040089306623 0.060285519422782999 0.052949863225221633 0.0050242182291137241 0.046348087248061928 0.03292492667584776 0.0052476026215590539 0.032933726215168185 0.0062910870034259608 0.0097387029622009805 -0.029651986565440894 -0.00075066025336124333 0.045509573262471417 0.066455703145265568 0.0052787958690954356 0.0096200519723639091 0.044371355416143635 0.0064766888420185629 0.043756020149969037 -0.0010841519126862759 0.0098529421912657237 -0.010256922602932029 0.0078744381792239439 0.085654679617461038
leaf_weight=117030 52 94 11827 55 25108 140 92 62 93 14331 93 223 60 138 1945 1300 56 6906 65 50 4991 73 85 592 94 16304 185 214 768 85
leaf_count=117030 52 94 11827 55 25108 140 92 62 93 14331 93 223 60 138 1945 1300 56 6906 65 50 4991 73 85 592 94 16304 185 214 768 85
internal_value=-4.6912e-05 -0.00116509 0.00308686 -0.00156785 0.00410563 0.019821 -0.00192066 0.0229042 0.00388763 0.00605304 0.0153906 0.0430649 0.0358245 -0.0015993 0.000597619 0.000369352 0.01304 0.00311871 0.00646008 0.000878739 0.005796 0.032724 0.0108163 0.000363963 0.0115849 -0.00029809 0.0125113 0.0103483 0.0145963 0.0337165
internal_weight=203111 149697 53414 136832 41587 569 294 154 41018 15910 1579 275 115 136717 19687 19549 1486 12865 5150 7715 5056 123 1393 7592 686 18249 1337 1252 1038 270
internal_count=203111 149697 53414 136832 41587 569 294 154 41018 15910 1579 275 115 136717 19687 19549 1486 12865 5150 7715 5056 123 1393 7592 686 18249 1337 1252 1038 270
cat_boundaries=0 1
cat_threshold=1
is_linear=0
shrinkage=0.03


Tree=101
num_leaves=31
num_cat=0
split_feature=8 24 24 30 24 40 0 40 37 31 33 12 1 22 28 42 12 13 11 31 33 9 40 36 24 40 18 36 11 26
split_gain=943.228 214.655 189.509 164.356 213.188 296.206 159.14 145.641 109.051 133.79 132.892 118.234 108.339 107.875 117.767 139.631 141.251 121.58 107.653 115.357 116.425 110.829 104.798 222.598 100.985 100.961 168.124 146.47 134.615 135.874
threshold=57.833333333333336 5.4500000000000011 5.8500000000000005 0.90000000000000013 10.550000000000002 236.77000000000001 3.5000000000000004 -307.89499999999992 1.3016765205000254 0.90000000000000013 3.4500000000000006 0.79300000000000015 8.8333333333333339 0.22500000000000003 1.0000000180025095e-35 5.5000000000000009 0.40300000000000002 0.052070000000000012 18.500000000000004 2.3666666666666671 2.1000000000000005 55.225000000000009 -9.4950000000000028 1.59474178369333 10.350000000000003 6.7750000000002055 23.090000000000007 1.1117755554262321 5.5000000000000009 14.415918625309015
decision_type=10 2 2 10 2 2 10 2 2 8 10 10 10 10 2 2 10 10 10 10 10 10 2 2 2 2 10 2 10 10
left_child=2 7 -1 4 -4 -6 12 -2 10 -10 11 -8 25 14 17 -16 18 -9 19 21 -21 -17 23 -11 -24 27 -27 -3 29 -29
right_child=1 6 3 -5 5 -7 8 13 9 22 -12 -13 -14 -15 15 16 -18 -19 -20 20 -22 -23 24 -25 -26 26 -28 28 -30 -31
leaf_value=-0.0015682367455662931 -0.0071836371782597339 0.0018789932485297378 0.0056154440355536657 -2.6669607777104186e-05 -0.0060447297441331965 0.08577932741414282 0.012609460943508323 -0.0011987003126494502 -0.0052688604764403379 0.011958816111965287 -0.014861767737760762 0.058549648276256284 0.035594404524890703 0.0066012157989119415 -0.0050863502029619527 0.01057550377634363 0.050856917490393429 0.0063037214919639513 -0.013140770647569648 0.016971161074216774 -0.015357267335057259 0.0027022033158883053 -0.0036622166849127479 0.076155476504388975 0.039146259360843233 -0.0010857498305526243 0.0091394894032268172 0.019410163574234383 0.0079599494646428511 0.065154360555685478
leaf_weight=129664 1487 2466 4418 11382 57 71 4431 13226 849 1038 158 51 96 4764 1503 1898 59 2279 310 1036 111 10571 608 51 54 5785 1930 579 1730 65
leaf_count=129664 1487 2466 4418 11382 57 71 4431 13226 849 1038 158 51 96 4764 1503 1898 59 2279 310 1036 111 10571 608 51 54 5785 1930 579 1730 65
internal_value=9.30178e-05 0.00335958 -0.00118889 0.00189925 0.00672125 0.0448889 0.00587575 0.00201577 0.00942287 0.0045043 0.012179 0.0131322 0.00384579 0.00239833 0.0017523 0.00360259 0.00453641 -9.5958e-05 0.00434016 0.00473816 0.0138426 0.00390066 0.00924298 0.0149653 -0.000170287 0.00360303 0.00147222 0.00699955 0.0123185 0.0240272
internal_weight=202727 57135 145592 15928 4546 128 19891 37244 7240 2600 4640 4482 12651 35757 30993 15488 13985 15505 13926 13616 1147 12469 1751 1089 662 12555 7715 4840 2374 644
internal_count=202727 57135 145592 15928 4546 128 19891 37244 7240 2600 4640 4482 12651 35757 30993 15488 13985 15505 13926 13616 1147 12469 1751 1089 662 12555 7715 4840 2374 644
is_linear=0
shrinkage=0.03


Tree=102
num_leaves=31
num_cat=0
split_feature=8 28 29 27 29 13 36 39 3 39 14 39 32 39 36 8 36 40 37 40 39 2 21 36 13 31 4 0 31 18
split_gain=764.64 206.499 183.112 181.303 140.467 142.407 158.783 281.815 139.682 127.276 150.334 124.665 149.176 121.965 161.463 155.758 189.611 129.991 151.774 121.803 127.752 116.837 113.193 188.042 176.951 117.641 112.716 111.225 111.017 169.497
threshold=52.833333333333336 1.0000000180025095e-35 4.5000000000000009 1689.5000000000002 2.5000000000000004 0.085905000000000023 2.4938529751931924 0.7425240080508001 3.8198051948051952 0.18763344508504728 0.21203700000000006 0.34839341299954552 1.0309300000000003 0.24086859106815151 1.2007044460458474 89.833333333333357 0.99686636826185226 -49.744999999999997 1.7391666661618774 -119.7149999999999 0.20491750812711759 3.1000000000000005 1.0000000180025095e-35 3.0192413339476554 0.20100000000000004 3.4500000000000006 5.9905286607062775 15.500000000000002 1.9000000000000001 40.010000000000012
decision_type=10 2 8 10 10 10 2 2 10 2 10 2 8 2 2 10 2 2 2 2 2 10 10 2 10 10 8 10 10 10
left_child=3 2 8 -1 11 6 7 -6 9 10 -2 12 -3 -11 15 -15 -17 18 -16 20 -14 -22 23 24 25 -13 -5 -10 29 -19
right_child=1 4 -4 26 5 -7 -8 -9 27 13 -12 22 19 14 17 16 -18 28 -20 -21 21 -23 -24 -25 -26 -27 -28 -29 -30 -31
leaf_value=-0.0014867411118731342 0.0044044808208145731 0.034532652319449443 -0.0027963205290535199 0.0083432084731020449 0.0011550975698955471 0.0099169730513988599 -0.021129483309919598 0.065813633419084749 0.0076714389543822417 -0.006795082636197821 0.028225247730774915 0.0094832398410778975 -0.0015293626552459203 0.0011715230898541474 0.027457261093554203 0.06192673310637474 0.013230616473390029 -0.0045398172934707562 -0.008598738479152046 -0.0067175823119786588 0.0063681037135198872 0.032808664514389081 0.0058625287045114783 0.062922544952016324 0.056680193457007401 0.054504332542419431 -0.00023450251042256263 -0.028011114300694313 0.0031731264988721945 0.045334164394486329
leaf_weight=136622 3673 115 8308 2762 11125 1848 286 61 4558 2118 255 3624 1010 1258 299 78 930 5655 162 1424 442 228 10040 64 75 53 2753 80 2942 62
leaf_count=136622 3673 115 8308 2762 11125 1848 286 61 4558 2118 255 3624 1010 1258 299 78 930 5655 162 1424 442 228 10040 64 75 53 2753 80 2942 62
internal_value=-6.72684e-05 0.00274914 0.000999916 -0.00127147 0.00449739 0.00218834 0.000943346 0.0015077 0.00242897 0.0011979 0.00595089 0.00629866 0.000980379 -0.000184637 0.00104502 0.00821206 0.0169988 -0.000735733 0.0147868 -0.000262698 0.00520858 0.0153658 0.0075342 0.0119324 0.0110626 0.0101322 0.00406135 0.00705596 -0.00156214 -0.00399894
internal_weight=202910 60773 30378 142137 30395 13320 11472 11186 22070 17432 3928 17075 3219 13504 11386 2266 1008 9120 461 3104 1680 670 13856 3816 3752 3677 5515 4638 8659 5717
internal_count=202910 60773 30378 142137 30395 13320 11472 11186 22070 17432 3928 17075 3219 13504 11386 2266 1008 9120 461 3104 1680 670 13856 3816 3752 3677 5515 4638 8659 5717
is_linear=0
shrinkage=0.03


Tree=103
num_leaves=31
num_cat=1
split_feature=8 24 27 9 29 12 23 29 38 39 36 24 41 32 39 37 33 4 33 3 33 24 24 5 4 20 1 20 33 27
split_gain=677.916 282.578 234.297 212.992 174.703 175.252 127.681 124.387 239.15 148.015 141.436 133.931 172.46 152.644 151.502 148.263 224 191.351 169.026 154.894 132.229 126.09 164.337 122.997 120.135 119.416 125.034 169.387 119.143 117.351
threshold=82.833333333333357 4.5500000000000007 73.500000000000014 54.100000000000009 4.5000000000000009 0.15023000000000003 4.4500000000000011 2.5000000000000004 0.22551349105123256 0.4590158930356954 1.0663614769928829 7.8500000000000005 0 2.4230000000000005 0.39212573257490718 0.74093275278540804 2.7750000000000004 6.9247524015191013 1.9000000000000001 3.1690476190476193 3.1000000000000005 11.550000000000002 9.8500000000000032 24.100000000000005 2.9442906671140192 0.77100000000000024 4.416666666666667 0.91100000000000014 1.9000000000000001 -100634.99999999999
decision_type=10 2 8 8 10 10 10 10 2 2 2 2 1 10 2 2 10 10 10 10 10 2 2 10 10 10 10 10 10 10
left_child=1 -1 -3 -4 5 6 7 8 10 20 -2 12 -10 -14 -13 18 17 19 -16 -17 29 22 -11 -19 -15 -8 27 -27 -12 -9
right_child=4 2 3 -5 -6 -7 25 9 11 21 28 14 13 24 15 16 -18 23 -20 -21 -22 -23 -24 -25 -26 26 -28 -29 -30 -31
leaf_value=-0.0019864657698045389 0.0022138216856845403 -0.00033707487002531501 0.0071696222937342232 0.00049312314150696287 -0.0056908633564184139 0.012222796005078954 0.035717515668666072 0.026835442029854707 0.00047999410896595347 -0.0060024151917867606 -0.0057114148101110847 -0.021452912875834632 0.0086840218938904149 0.012129455579901641 -0.030379364622266671 0.064511421865009397 -0.013387044401653109 0.10618823679294437 0.018220135982707143 0.019398247673109707 0.045799489580094818 -0.040190896161140931 0.041038046383663367 0.039972916063578688 -0.045552376684333595 -0.025211528220524391 -0.002634441719818339 0.017573866751823871 -0.029457758338411605 0.0017655585653153164
leaf_weight=84344 2428 66129 8009 9287 1659 2328 163 171 3792 2135 979 85 8474 53 95 83 100 50 200 392 63 93 69 51 84 90 574 1115 236 9722
leaf_count=84344 2428 66129 8009 9287 1659 2328 163 171 3792 2135 979 85 8474 53 95 83 100 50 200 392 63 93 69 51 84 90 574 1115 236 9722
internal_value=3.29713e-05 -0.000761975 0.000476005 0.00358471 0.0038128 0.00428169 0.003691 0.00319814 0.00485112 0.000891023 -0.0019677 0.0066968 0.00582357 0.00816667 0.016953 0.020315 0.028059 0.0352545 0.00256945 0.0272812 0.00247479 -0.00597357 -0.00452973 0.0727528 -0.0232375 0.0111409 0.00888907 0.0143783 -0.0103239 0.00219889
internal_weight=203053 167769 83425 17296 35284 33625 31297 29355 17102 12253 3643 13459 12403 8611 1056 971 676 576 295 475 9956 2297 2204 101 137 1942 1779 1205 1215 9893
internal_count=203053 167769 83425 17296 35284 33625 31297 29355 17102 12253 3643 13459 12403 8611 1056 971 676 576 295 475 9956 2297 2204 101 137 1942 1779 1205 1215 9893
cat_boundaries=0 1
cat_threshold=4
is_linear=0
shrinkage=0.03


Tree=104
num_leaves=31
num_cat=1
split_feature=0 24 29 36 29 11 29 37 27 27 26 8 20 0 41 20 24 2 20 20 18 36 14 26 30 26 31 26 30 26
split_gain=720.74 276.633 222.978 215.713 205.585 199.847 192.073 190.367 179.402 282.683 163.783 151.675 166.895 145.066 143.829 154.07 151.741 177.837 141.563 137.965 131.222 128.091 127.99 126.701 122.661 121.101 170.557 120.522 128.319 261.571
threshold=1.0000000180025095e-35 7.8500000000000005 2.5000000000000004 1.59474178369333 4.5000000000000009 18.500000000000004 1.5000000000000002 0.76436441425206969 -175955.49999999997 -69969.499999999985 9.9097429463900237 89.583333333333357 1.4240200000000003 2.5000000000000004 0 0.58450000000000013 5.3500000000000005 8.3666666666666689 1.2143000000000002 0.76439000000000012 17.645000000000007 3.2219339374359204 0.36843200000000004 13.890004205722564 0.90000000000000013 12.552159230062534 1.7750000000000001 8.892542673259598 0.55000000000000016 12.833651440889716
decision_type=10 2 10 2 10 10 8 2 10 10 10 10 8 10 1 10 2 10 10 10 10 2 10 10 10 10 10 10 10 10
left_child=11 4 3 -3 6 8 7 -2 20 13 -8 -1 25 -10 15 -12 -16 18 21 -11 -5 -18 -21 -15 -23 -13 -27 -9 29 -29
right_child=1 2 -4 5 -6 -7 10 27 9 19 14 12 -14 23 16 -17 17 -19 -20 22 -22 24 -24 -25 -26 26 -28 28 -30 -31
leaf_value=-0.0014931073208899739 -0.011251274161551096 -0.0020437406782520691 0.0017948788824747118 0.018114469018578529 -0.0048828663477020412 -0.035274317912757397 -0.00037110461539429393 -0.0072691758064857611 0.026135836552734239 0.016093609260385132 0.011094160142028808 0.010174216393036124 0.0030453388214030808 0.11221112195816305 0.00080072391516724302 -0.00030335039012775045 0.0030251450712478231 0.030524464897163532 0.01244047290963036 0.084396435767412181 -0.048204512237089457 0.062956277858465914 0.028094402779229824 0.04780644259016429 0.0048549319082624555 0.023554555991803238 0.092133087050914761 0.024032130430469055 0.016769839565123991 0.097401363142466141
leaf_weight=121604 219 559 2118 50 3878 60 18964 130 79 1740 3574 174 1469 54 25051 1522 18196 230 1639 50 58 63 133 56 68 94 50 169 633 59
leaf_count=121604 219 559 2118 50 3878 60 18964 130 79 1740 3574 174 1469 54 25051 1522 18196 230 1639 50 58 63 133 56 68 94 50 169 633 59
internal_value=6.88122e-05 0.0022993 0.0091614 0.0146571 0.00184208 0.0187517 0.00221191 0.0140615 0.0202119 0.0221404 0.00200503 -0.0013656 0.00731097 0.0571497 0.00290011 0.00767505 0.00236011 0.00429553 0.00399338 0.0186996 -0.0175013 0.00323795 0.0434775 0.0794233 0.0327968 0.027016 0.0473665 0.0196553 0.0237206 0.043018
internal_weight=202743 79352 4957 2839 74395 2280 70517 1210 2220 2112 69307 123391 1787 189 50343 5096 45247 20196 19966 1923 108 18327 183 110 131 318 144 991 861 228
internal_count=202743 79352 4957 2839 74395 2280 70517 1210 2220 2112 69307 123391 1787 189 50343 5096 45247 20196 19966 1923 108 18327 183 110 131 318 144 991 861 228
cat_boundaries=0 1
cat_threshold=1
is_linear=0
shrinkage=0.03


Tree=105
num_leaves=31
num_cat=1
split_feature=0 8 17 35 41 34 0 24 27 24 33 6 38 32 31 14 0 30 18 25 27 17 30 26 32 13 18 2 24 5
split_gain=740.759 204.897 164.738 177.744 163.594 166.552 138.773 127.691 141.544 135.575 252.348 127.777 125.004 154.732 210.226 214.723 246.12 185.648 122.001 180.555 147.121 170.098 168.88 181.553 140.491 146.915 130.271 119.616 130.898 149.885
threshold=1.5000000000000002 89.833333333333357 9.1000000000000014 1.0000000180025095e-35 0 1.8620000000000001 -1.4999999999999998 4.5500000000000007 -1.0000000180025095e-35 11.250000000000002 2.2250000000000005 1.1000000000000003 0.33457599431413038 1.8990000000000005 1.7750000000000001 0.04005800000000001 2.5000000000000004 1.1000000000000003 26.220000000000006 0.39999999999999908 -285221.49999999994 47.63333333333334 0.36666666666666675 12.876810604573722 1.8630000000000002 0.22100000000000003 33.690000000000005 8.9000000000000021 9.8500000000000032 27.225000000000005
decision_type=10 10 10 2 1 8 8 2 8 2 8 10 2 10 10 10 10 10 10 10 10 10 8 10 10 10 10 10 2 10
left_child=1 6 4 18 -2 12 -1 -8 -9 11 -11 -10 -6 14 17 -16 -17 -14 -4 20 -20 22 23 -22 27 -26 -23 28 -24 -30
right_child=2 -3 3 -5 5 -7 7 8 9 10 -12 -13 13 -15 15 16 -18 -19 19 -21 21 26 24 -25 25 -27 -28 -29 29 -31
leaf_value=-0.023211420999559425 0.0062814211848326177 0.0038686728414916902 0.004789754848947436 -0.0044969800024200748 0.0020956189573056012 -0.0014911022356380479 -0.0020320067223250329 -0.0010392368619576242 0.0022378843897055793 -0.010758741301699326 0.082261291385259269 -0.027627814677937956 -0.0063180090244241375 -0.0043377527507736276 0.0088365364605106599 0.019000688049367026 0.081468063035847527 0.024071094707083122 -0.033925032711798142 -0.042453650236129757 0.0081195826584620299 0.056685984778537681 0.0064570273751497634 0.083193437164112663 0.0086385463828390283 0.058372032743018977 0.012631390437483788 -0.027463673043776959 0.040319792643455518 -0.014534240464287761
leaf_weight=259 5373 7331 17841 1629 6133 14123 80399 49222 15647 52 53 130 388 399 164 102 128 339 62 56 57 134 2380 59 110 104 110 85 210 57
leaf_count=259 5373 7331 17841 1629 6133 14123 80399 49222 15647 52 53 130 388 399 164 102 128 339 62 56 57 134 2380 59 110 104 110 85 210 57
internal_value=1.05676e-05 -0.0010252 0.0031792 0.0050536 0.00159857 0.00044004 -0.00127133 -0.00123227 -0.00024466 0.00221792 0.0361942 0.0019918 0.00400438 0.011706 0.0174165 0.0350639 0.0537651 0.00785243 0.00578523 0.0109722 0.0118605 0.0127192 0.0107982 0.0463037 0.00940019 0.0328081 0.0368253 0.00756662 0.00869151 0.0286094
internal_weight=203136 153093 50043 22894 27149 21776 145762 145503 65104 15882 105 15777 7653 1520 1121 394 230 727 21265 3424 3368 3306 3062 116 2946 214 244 2732 2647 267
internal_count=203136 153093 50043 22894 27149 21776 145762 145503 65104 15882 105 15777 7653 1520 1121 394 230 727 21265 3424 3368 3306 3062 116 2946 214 244 2732 2647 267
cat_boundaries=0 1
cat_threshold=9
is_linear=0
shrinkage=0.03


end of trees

feature_importances:
price=374
minutes_r3=254
pts_last1=248
pts_season_avg=170
fdr=165
p_win=163
position=137
p_clean_sheet=127
opp_xg_implied=119
log_selected_lag1=117
ict_r5=96
threat_r5=89
elo_diff=86
team_xg_implied=84
transfers_balance_lag1=77
minutes_r5=58
gw=56
pts_per90_season=54
defcon_r5=53
was_home=44
creativity_r5=42
price_change_3=42
opp_ga_r5=42
opp_gf_r5=41
opp_xga_r5=38
team_gf_r5=38
team_xgf_r5=36
xgc_r5=35
xgi_r5=33
days_rest=31
xa_r5=29
saves_r5=28
xg_r5=27
pts_r3=25
bps_r5=25
influence_r5=21
pts_r5=20
played60_r5=15
bonus_r5=13
assists_r5=8
cs_r5=8
is_dgw=8
goals_r5=4

parameters:
[boosting: gbdt]
[objective: regression]
[metric: l2]
[tree_learner: serial]
[device_type: cpu]
[data_sample_strategy: bagging]
[data: ]
[valid: ]
[num_iterations: 106]
[learning_rate: 0.03]
[num_leaves: 31]
[num_threads: 16]
[seed: 42]
[deterministic: 0]
[force_col_wise: 0]
[force_row_wise: 0]
[histogram_pool_size: -1]
[max_depth: -1]
[min_data_in_leaf: 50]
[min_sum_hessian_in_leaf: 0.001]
[bagging_fraction: 0.8]
[pos_bagging_fraction: 1]
[neg_bagging_fraction: 1]
[bagging_freq: 1]
[bagging_seed: 400]
[bagging_by_query: 0]
[feature_fraction: 0.8]
[feature_fraction_bynode: 1]
[feature_fraction_seed: 30056]
[extra_trees: 0]
[extra_seed: 12879]
[early_stopping_round: 0]
[early_stopping_min_delta: 0]
[first_metric_only: 0]
[max_delta_step: 0]
[lambda_l1: 0]
[lambda_l2: 0]
[linear_lambda: 0]
[min_gain_to_split: 0]
[drop_rate: 0.1]
[max_drop: 50]
[skip_drop: 0.5]
[xgboost_dart_mode: 0]
[uniform_drop: 0]
[drop_seed: 17869]
[top_rate: 0.2]
[other_rate: 0.1]
[min_data_per_group: 100]
[max_cat_threshold: 32]
[cat_l2: 10]
[cat_smooth: 10]
[max_cat_to_onehot: 4]
[top_k: 20]
[monotone_constraints: ]
[monotone_constraints_method: basic]
[monotone_penalty: 0]
[feature_contri: ]
[forcedsplits_filename: ]
[refit_decay_rate: 0.9]
[cegb_tradeoff: 1]
[cegb_penalty_split: 0]
[cegb_penalty_feature_lazy: ]
[cegb_penalty_feature_coupled: ]
[path_smooth: 0]
[interaction_constraints: ]
[verbosity: -1]
[saved_feature_importance_type: 0]
[use_quantized_grad: 0]
[num_grad_quant_bins: 4]
[quant_train_renew_leaf: 0]
[stochastic_rounding: 1]
[linear_tree: 0]
[max_bin: 255]
[max_bin_by_feature: ]
[min_data_in_bin: 3]
[bin_construct_sample_cnt: 200000]
[data_random_seed: 175]
[is_enable_sparse: 1]
[enable_bundle: 1]
[use_missing: 1]
[zero_as_missing: 0]
[feature_pre_filter: 1]
[pre_partition: 0]
[two_round: 0]
[header: 0]
[label_column: ]
[weight_column: ]
[group_column: ]
[ignore_column: ]
[categorical_feature: 41]
[forcedbins_filename: ]
[precise_float_parser: 0]
[parser_config_file: ]
[objective_seed: 16083]
[num_class: 1]
[is_unbalance: 0]
[scale_pos_weight: 1]
[sigmoid: 1]
[boost_from_average: 1]
[reg_sqrt: 0]
[alpha: 0.9]
[fair_c: 1]
[poisson_max_delta_step: 0.7]
[tweedie_variance_power: 1.5]
[lambdarank_truncation_level: 30]
[lambdarank_norm: 1]
[label_gain: ]
[lambdarank_position_bias_regularization: 0]
[eval_at: ]
[multi_error_top_k: 1]
[auc_mu_weights: ]
[num_machines: 1]
[local_listen_port: 12400]
[time_out: 120]
[machine_list_filename: ]
[machines: ]
[gpu_platform_id: -1]
[gpu_device_id: -1]
[gpu_device_id_list: ]
[gpu_use_dp: 0]
[num_gpu: 1]

end of parameters

pandas_categorical:[["GK", "DEF", "MID", "FWD"]]
